time,closing_door,left_step,opening_door,right_step,saluting,sitting_down,standing_up
0.0125291,0,0.972,0,0,0.972,0.788,0
0.0287836,0,0.972,0,0,0.978,0.788,0
0.0387193,0,0.972,0,0,0.978,0.788,0
0.048302,0,0.972,0,0,0.978,0.788,0
0.0577381,0,0.972,0,0,0.978,0.788,0
0.0662425,0,0.972,0,0,0.978,0.788,0
0.0758644,0,0.972,0,0,0.978,0.788,0
0.08849101,0,0.972,0,0,0.978,0.788,0
0.1008404,0,0.972,0,0,0.978,0.788,0
0.1100946,0,0.972,0,0,0.978,0.788,0
0.1190024,0,0.972,0,0,0.987,0.788,0
0.1267339,0,0.972,0,0,0.985,0.788,0
0.1372706,0,0.972,0,0,0.985,0.788,0
0.1489623,0,0.972,0,0,0.985,0.788,0
0.1619458,0,0.972,0,0,0.984,0.788,0
0.1776322,0,0.972,0,0,0.985,0.788,0
0.1871752,0,0.972,0,0,0.985,0.788,0
0.1965902,0,0.972,0,0,0.978,0.788,0
0.2118266,0,0.972,0,0,0.984,0.788,0
0.2224194,0,0.972,0,0,0.984,0.788,0
0.2316902,0,0.972,0,0,0.983,0.788,0
0.242479,0,0.972,0,0,0.982,0.788,0
0.2522061,0,0.972,0,0,0.982,0.788,0
0.2612938,0,0.972,0,0,0.982,0.788,0
0.2704353,0,0.972,0,0,0.982,0.788,0
0.2787783,0,0.972,0,0,0.982,0.788,0
0.2882459,0,0.972,0,0,0.982,0.788,0
0.3011684,0,0.972,0,0,0.978,0.788,0
0.310744,0,0.972,0,0,0.978,0.788,0
0.3235843,0,0.972,0,0,0.983,0.788,0
0.3326254,0,0.972,0,0,0.982,0.788,0
0.3422186,0,0.972,0,0,0.982,0.788,0
0.3517917,0,0.972,0,0,0.981,0.788,0
0.3620296,0,0.972,0,0,0.981,0.788,0
0.3721817,0,0.972,0,0,0.981,0.788,0
0.3815995,0,0.972,0,0,0.982,0.788,0
0.3903027,0,0.972,0,0,0.982,0.788,0
0.3996263,0,0.972,0,0,0.978,0.788,0
0.4078909,0,0.972,0,0,0.978,0.788,0
0.4175073,0,0.972,0,0,0.978,0.788,0
0.427186,0,0.972,0,0,0.983,0.788,0
0.4354213,0,0.972,0,0,0.983,0.788,0
0.4436952,0,0.972,0,0,0.981,0.788,0
0.4524257,0,0.972,0,0,0.981,0.788,0
0.4656906,0,0.972,0,0,0.981,0.788,0
0.474748,0,0.972,0,0,0.981,0.787,0
0.4860907,0,0.972,0,0,0.981,0.787,0
0.4952106,0,0.972,0,0,0.981,0.787,0
0.5059317,0,0.972,0,0,0.978,0.787,0
0.5171431,0,0.972,0,0,0.978,0.787,0
0.5250433,0,0.972,0,0,0.982,0.787,0
0.5358036,0,0.972,0,0,0.982,0.787,0
0.5454279,0,0.972,0,0,0.981,0.787,0
0.5546652,0,0.972,0,0,0.981,0.787,0
0.5638284,0,0.972,0,0,0.98,0.787,0
0.5739777,0,0.963,0,0,0.98,0.784,0
0.5832095,0,0.963,0,0,0.98,0.784,0
0.5923422,0,0.963,0,0,0.981,0.784,0
0.6089268,0,0.964,0,0,0.98,0.784,0
0.6210304,0,0.964,0,0,0.978,0.784,0
0.6294846,0,0.964,0,0,0.978,0.784,0
0.6382522,0,0.964,0,0,0.981,0.784,0
0.6463573,0,0.964,0,0,0.981,0.784,0
0.6572815,0,0.964,0,0,0.98,0.784,0
0.6661986,0,0.964,0,0,0.98,0.784,0
0.6753228,0,0.964,0,0,0.979,0.784,0
0.6837108,0,0.964,0,0,0.98,0.784,0
0.6954262,0,0.964,0,0,0.98,0.784,0
0.7048209,0,0.964,0,0,0.981,0.784,0
0.7139087,0,0.964,0,0,0.981,0.784,0
0.7228919,0,0.964,0,0,0.975,0.784,0
0.7338164,0,0.964,0,0,0.975,0.784,0
0.7492986,0,0.964,0,0,0.982,0.784,0
0.7585789,0,0.964,0,0,0.981,0.784,0
0.7664728,0,0.964,0,0,0.981,0.784,0
0.7748918,0,0.964,0,0,0.981,0.784,0
0.784223,0,0.964,0,0,0.981,0.784,0
0.7933894,0,0.964,0,0,0.981,0.784,0
0.8024269,0,0.964,0,0,0.981,0.784,0
0.8151242,0,0.964,0,0,0.982,0.784,0
0.826238,0,0.964,0,0,0.974,0.784,0
0.8343721,0,0.964,0,0,0.974,0.784,0
0.8438414,0,0.964,0,0,0.982,0.784,0
0.8550484,0,0.964,0,0,0.981,0.784,0
0.8633199,0,0.964,0,0,0.981,0.784,0
0.8723097,0,0.964,0,0,0.981,0.784,0
0.8806722,0,0.964,0,0,0.98,0.784,0
0.8941661,0,0.964,0,0,0.98,0.783,0
0.9043097,0,0.964,0,0,0.98,0.783,0
0.9133404,0,0.965,0,0,0.978,0.783,0
0.9225925,0,0.965,0,0,0.973,0.783,0
0.9341129,0,0.965,0,0,0.973,0.783,0
0.9451884,0,0.965,0,0,0.974,0.783,0
0.9543415,0,0.965,0,0,0.974,0.783,0
0.9657896,0,0.965,0,0,0.973,0.783,0
0.9762474,0,0.965,0,0,0.973,0.783,0
0.9846441,0,0.965,0,0,0.974,0.783,0
0.9952854,0,0.965,0,0,0.973,0.783,0
1.007786,0,0.965,0,0,0.973,0.783,0
1.020366,0,0.966,0,0,0.973,0.783,0
1.029679,0,0.966,0,0,0.973,0.783,0
1.043885,0,0.966,0,0,0.973,0.783,0
1.052196,0,0.966,0,0,0.973,0.783,0
1.060868,0,0.966,0,0,0.973,0.783,0
1.070953,0,0.966,0,0,0.973,0.783,0
1.080031,0,0.966,0,0,0.973,0.783,0
1.087501,0,0.966,0,0,0.973,0.783,0
1.096399,0,0.966,0,0,0.973,0.783,0
1.106335,0,0.966,0,0,0.973,0.783,0
1.116938,0,0.966,0,0,0.973,0.783,0
1.125602,0,0.966,0,0,0.973,0.783,0
1.135496,0,0.966,0,0,0.973,0.783,0
1.143609,0,0.966,0,0,0.973,0.783,0
1.155693,0,0.966,0,0,0.973,0.783,0
1.16524,0,0.966,0,0,0.973,0.783,0
1.179224,0,0.966,0,0,0.973,0.783,0
1.188572,0,0.966,0,0,0.975,0.783,0
1.197574,0,0.966,0,0,0.975,0.783,0
1.20608,0,0.966,0,0,0.975,0.783,0
1.214974,0,0.966,0,0,0.983,0.783,0
1.225094,0,0.968,0,0,0.983,0.783,0
1.237602,0,0.968,0,0,0.983,0.783,0
1.246002,0,0.968,0,0,0.983,0.783,0
1.256257,0,0.968,0,0,0.983,0.783,0
1.265525,0,0.968,0,0,0.983,0.783,0
1.275075,0,0.968,0,0,0.983,0.783,0
1.283994,0,0.968,0,0,0.983,0.783,0
1.293403,0,0.968,0,0,0.983,0.783,0
1.302248,0,0.968,0,0,0.983,0.783,0
1.317896,0,0.968,0,0,0.983,0.783,0
1.332017,0,0.969,0,0,0.983,0.783,0
1.341544,0,0.969,0,0,0.983,0.783,0
1.350061,0,0.969,0,0,0.983,0.783,0
1.361195,0,0.969,0,0,0.983,0.783,0
1.370689,0,0.969,0,0,0.983,0.783,0
1.380577,0,0.969,0,0,0.983,0.783,0
1.390693,0,0.969,0,0,0.983,0.783,0
1.398647,0,0.969,0,0,0.983,0.783,0
1.408776,0,0.969,0,0,0.983,0.783,0
1.420127,0,0.969,0,0,0.989,0.783,0
1.433366,0,0.969,0,0,0.989,0.783,0
1.445825,0,0.969,0,0,0.989,0.783,0
1.455228,0,0.969,0,0,0.989,0.783,0
1.473004,0,0.969,0,0,0.989,0.783,0
1.482871,0,0.969,0,0,0.989,0.783,0
1.491357,0,0.969,0,0,0.989,0.783,0
1.500583,0,0.969,0,0,0.989,0.783,0
1.509934,0,0.969,0,0,0.989,0.783,0
1.521291,0,0.969,0,0,0.989,0.783,0
1.529407,0,0.969,0,0,0.992,0.783,0
1.539694,0,0.971,0,0,0.992,0.785,0
1.550022,0,0.971,0,0,0.992,0.785,0
1.560755,0,0.971,0,0,0.992,0.785,0
1.568678,0,0.971,0,0,0.992,0.785,0
1.578141,0,0.971,0,0,0.992,0.785,0
1.586147,0,0.971,0,0,0.992,0.785,0
1.594374,0,0.971,0,0,0.992,0.785,0
1.608074,0,0.971,0,0,0.992,0.785,0
1.616657,0,0.971,0,0,0.992,0.785,0
1.62615,0,0.971,0,0,0.992,0.785,0
1.634914,0,0.971,0,0,0.994,0.785,0
1.645112,0,0.975,0,0,0.994,0.785,0
1.654469,0,0.975,0,0,0.994,0.785,0
1.66357,0,0.975,0,0,0.994,0.785,0
1.67233,0,0.975,0,0,0.994,0.785,0
1.681038,0,0.975,0,0,0.994,0.785,0
1.690847,0,0.975,0,0,0.994,0.785,0
1.701107,0,0.975,0,0,0.994,0.785,0
1.710227,0,0.975,0,0,0.994,0.785,0
1.718582,0,0.975,0,0,0.994,0.785,0
1.726879,0,0.975,0,0,0.994,0.785,0
1.740484,0,0.975,0,0,1,0.785,0
1.749744,0,0.975,0,0,1,0.785,0
1.760067,0,0.975,0,0,1,0.785,0
1.771197,0,0.975,0,0,1,0.785,0
1.782794,0,0.975,0,0,1,0.785,0
1.792838,0,0.975,0,0,1,0.785,0
1.802937,0,0.975,0,0,1,0.785,0
1.811499,0,0.975,0,0,1,0.785,0
1.819792,0,0.975,0,0,1,0.785,0
1.83025,0,0.975,0,0,1,0.785,0
1.840175,0,0.975,0,0,1,0.785,0
1.849321,0,0.975,0,0,1,0.785,0
1.858319,0,0.975,0,0,1,0.785,0
1.866445,0,0.975,0,0,1,0.785,0
1.88632,0,0.975,0,0,1,0.785,0
1.895233,0,0.975,0,0,1,0.785,0
1.903761,0,0.975,0,0,1,0.785,0
1.913032,0,0.975,0,0,1,0.785,0
1.921875,0,0.975,0,0,1,0.785,0
1.930242,0,0.975,0,0,1,0.785,0
1.939839,0,0.975,0,0,1,0.785,0
1.948883,0,0.975,0,0,1,0.785,0
1.958339,0,0.975,0,0,1,0.785,0
1.967318,0,0.975,0,0,1,0.785,0
1.977826,0,0.975,0,0,1,0.785,0
1.98707,0,0.975,0,0,1,0.785,0
1.996171,0,0.975,0,0,1,0.785,0
2.004853,0,0.975,0,0,1,0.785,0
2.023708,0,0.975,0,0,1,0.785,0
2.034193,0,0.975,0,0,1,0.785,0
2.044,0,0.975,0,0,1,0.785,0
2.052514,0,0.975,0,0,1,0.783,0
2.062728,0,0.975,0,0,1,0.783,0
2.074931,0,0.975,0,0,1,0.783,0
2.084243,0,0.975,0,0,1,0.783,0
2.094437,0,0.975,0,0,1,0.783,0
2.103288,0,0.975,0,0,1,0.783,0
2.11386,0,0.975,0,0,1,0.783,0
2.124438,0,0.975,0,0,1,0.783,0
2.135481,0,0.975,0,0,1,0.783,0
2.144665,0,0.975,0,0,1,0.783,0
2.155915,0,0.974,0,0,1,0.783,0
2.171401,0,0.974,0,0,1,0.783,0
2.180268,0,0.974,0,0,1,0.783,0
2.189938,0,0.974,0,0,1,0.783,0
2.199238,0,0.974,0,0,1,0.783,0
2.207346,0,0.974,0,0,1,0.783,0
2.216645,0,0.974,0,0,1,0.783,0
2.226517,0,0.974,0,0,1,0.783,0
2.235606,0,0.974,0,0,1,0.783,0
2.248102,0,0.974,0,0,1,0.783,0
2.25726,0,0.974,0,0,1,0.783,0
2.266263,0,0.974,0,0,1,0.783,0
2.277008,0,0.975,0,0,1,0.783,0
2.286487,0,0.975,0,0,1,0.783,0
2.294837,0,0.975,0,0,1,0.783,0
2.307433,0,0.975,0,0,1,0.783,0
2.31681,0,0.975,0,0,1,0.783,0
2.326991,0,0.975,0,0,1,0.783,0
2.337558,0,0.975,0,0,1,0.783,0
2.346384,0,0.975,0,0,1,0.783,0
2.355135,0,0.975,0,0,1,0.783,0
2.368368,0,0.975,0,0,1,0.783,0
2.378291,0,0.975,0,0,1,0.783,0
2.38927,0,0.975,0,0,1,0.783,0
2.398746,0,0.975,0,0,1,0.783,0
2.406827,0,0.975,0,0,1,0.783,0
2.416269,0,0.975,0,0,1,0.783,0
2.427749,0,0.975,0,0,1,0.783,0
2.43632,0,0.975,0,0,1,0.783,0
2.452333,0,0.975,0,0,1,0.783,0
2.465456,0,0.975,0,0,1,0.783,0
2.473797,0,0.975,0,0,1,0.783,0
2.482656,0,0.975,0,0,1,0.783,0
2.495411,0,0.975,0,0,1,0.783,0
2.504859,0,0.975,0,0,1,0.783,0
2.513771,0,0.975,0,0,1,0.783,0
2.522286,0,0.975,0,0,1,0.783,0
2.530082,0,0.975,0,0,1,0.783,0
2.539922,0,0.975,0,0,1,0.783,0
2.549565,0,0.975,0,0,1,0.783,0
2.558012,0,0.975,0,0,1,0.783,0
2.567038,0,0.975,0,0,1,0.783,0
2.576112,0,0.975,0,0,1,0.783,0
2.589078,0,0.975,0,0,1,0.783,0
2.598298,0,0.975,0,0,1,0.783,0
2.608562,0,0.975,0,0,1,0.783,0
2.618143,0,0.975,0,0,1,0.783,0
2.625731,0,0.975,0,0,1,0.783,0
2.635093,0,0.975,0,0,1,0.783,0
2.643491,0,0.975,0,0,1,0.783,0
2.656018,0,0.975,0,0,1,0.783,0
2.667276,0,0.975,0,0,1,0.783,0
2.676221,0,0.975,0,0,1,0.783,0
2.687787,0,0.975,0,0,1,0.782,0
2.698709,0,0.975,0,0,1,0.782,0
2.708924,0,0.975,0,0,1,0.782,0
2.720858,0,0.975,0,0,1,0.782,0
2.734095,0,0.975,0,0,1,0.782,0
2.742775,0,0.975,0,0,1,0.782,0
2.754799,0,0.975,0,0,1,0.782,0
2.767052,0,0.975,0,0,1,0.782,0
2.775118,0,0.975,0,0,1,0.782,0
2.784064,0,0.975,0,0,1,0.782,0
2.792904,0,0.975,0,0,1,0.782,0
2.803809,0,0.975,0,0,1,0.782,0
2.812626,0,0.975,0,0,1,0.782,0
2.823121,0,0.975,0,0,1,0.782,0
2.832171,0,0.975,0,0,1,0.782,0
2.841106,0,0.975,0,0,1,0.782,0
2.849193,0,0.975,0,0,1,0.782,0
2.858966,0,0.975,0,0,1,0.782,0
2.867044,0,0.975,0,0,1,0.782,0
2.881227,0,0.975,0,0,1,0.782,0
2.889406,0,0.975,0,0,1,0.782,0
2.89801,0,0.975,0,0,1,0.782,0
2.907254,0,0.975,0,0,1,0.782,0
2.917638,0,0.975,0,0,1,0.782,0
2.9295,0,0.975,0,0,1,0.782,0
2.93831,0,0.975,0,0,1,0.782,0
2.950105,0,0.975,0,0,1,0.782,0
2.959156,0,0.975,0,0,1,0.782,0
2.968264,0,0.975,0,0,1,0.782,0
2.978391,0,0.975,0,0,1,0.782,0
2.98771,0,0.975,0,0,1,0.782,0
2.99637,0,0.975,0,0,1,0.782,0
3.00919,0,0.975,0,0,1,0.782,0
3.023271,0,0.975,0,0,1,0.782,0
3.03616,0,0.975,0,0,1,0.782,0
3.045432,0,0.975,0,0,1,0.782,0
3.054283,0,0.975,0,0,1,0.782,0
3.063059,0,0.975,0,0,1,0.782,0
3.0725,0,0.975,0,0,1,0.782,0
3.080889,0,0.975,0,0,1,0.782,0
3.088494,0,0.975,0,0,1,0.782,0
3.096878,0,0.975,0,0,1,0.782,0
3.106008,0,0.975,0,0,1,0.782,0
3.115999,0,0.975,0,0,1,0.782,0
3.126903,0,0.975,0,0,1,0.782,0
3.137606,0,0.975,0,0,1,0.782,0
3.14585,0,0.975,0,0,1,0.782,0
3.158581,0,0.975,0,0,1,0.782,0
3.16782,0,0.975,0,0,1,0.782,0
3.176518,0,0.975,0,0,1,0.782,0
3.18458,0,0.975,0,0,1,0.782,0
3.19339,0,0.975,0,0,1,0.782,0
3.202112,0,0.975,0,0,1,0.782,0
3.210824,0,0.975,0,0,1,0.782,0
3.22192,0,0.975,0,0,1,0.782,0
3.232159,0,0.975,0,0,1,0.782,0
3.242596,0,0.975,0,0,1,0.782,0
3.254972,0,0.975,0,0,1,0.782,0
3.264382,0,0.975,0,0,0.999,0.782,0
3.27721,0,0.975,0,0,0.999,0.782,0
3.285558,0,0.975,0,0,0.999,0.782,0
3.299731,0,0.975,0,0,0.999,0.782,0
3.308588,0,0.975,0,0,0.999,0.782,0
3.318519,0,0.975,0,0,0.999,0.782,0
3.329686,0,0.975,0,0,0.999,0.782,0
3.341604,0,0.975,0,0,1,0.782,0
3.351541,0,0.975,0,0,0.986,0.782,0
3.362211,0,0.975,0,0,0.986,0.782,0
3.372033,0,0.975,0,0,0.997,0.782,0
3.381752,0,0.975,0,0,0.997,0.782,0
3.394537,0,0.975,0,0,0.997,0.782,0
3.405345,0,0.975,0,0,0.998,0.782,0
3.414416,0,0.975,0,0,0.997,0.782,0
3.423161,0,0.975,0,0,0.998,0.782,0
3.433894,0,0.975,0,0,0.998,0.782,0
3.450473,0,0.975,0,0,0.997,0.782,0
3.459925,0,0.975,0,0,0.986,0.782,0
3.467773,0,0.975,0,0,0.986,0.782,0
3.479048,0,0.975,0,0,0.993,0.782,0
3.487486,0,0.975,0,0,0.993,0.782,0
3.496549,0,0.975,0,0,0.99,0.782,0
3.505855,0,0.975,0,0,0.99,0.782,0
3.516413,0,0.975,0,0,0.987,0.782,0
3.527451,0,0.974,0,0,0.987,0.781,0
3.536978,0,0.974,0,0,0.986,0.781,0
3.546167,0,0.974,0,0,0.986,0.781,0
3.554718,0,0.974,0,0,0.986,0.781,0
3.563069,0,0.974,0,0,0.986,0.781,0
3.581473,0,0.974,0,0,0.986,0.781,0
3.589667,0,0.974,0,0,0.986,0.781,0
3.597866,0,0.974,0,0,0.981,0.781,0
3.607755,0,0.974,0,0,0.981,0.781,0
3.616313,0,0.974,0,0,0.981,0.781,0
3.62491,0,0.974,0,0,0.981,0.781,0
3.634925,0,0.974,0,0,0.981,0.781,0
3.648731,0,0.974,0,0,0.981,0.781,0
3.658931,0,0.974,0,0,0.981,0.781,0
3.669595,0,0.974,0,0,0.981,0.781,0
3.677953,0,0.974,0,0,0.981,0.781,0
3.68616,0,0.974,0,0,0.981,0.781,0
3.696169,0,0.974,0,0,0.981,0.781,0
3.705079,0,0.974,0,0,0.978,0.781,0
3.721673,0,0.974,0,0,0.977,0.781,0
3.731095,0,0.974,0,0,0.977,0.781,0
3.743575,0,0.974,0,0,0.977,0.781,0
3.755895,0,0.974,0,0,0.977,0.781,0
3.766901,0,0.974,0,0,0.977,0.781,0
3.775761,0,0.974,0,0,0.977,0.781,0
3.783831,0,0.974,0,0,0.977,0.781,0
3.794777,0,0.974,0,0,0.978,0.781,0
3.803307,0,0.974,0,0,0.978,0.781,0
3.811975,0,0.974,0,0,0.976,0.781,0
3.821145,0,0.974,0,0,0.976,0.781,0
3.829513,0,0.974,0,0,0.976,0.781,0
3.837873,0,0.974,0,0,0.976,0.781,0
3.846633,0,0.974,0,0,0.976,0.781,0
3.856688,0,0.974,0,0,0.976,0.782,0
3.875755,0,0.974,0,0,0.976,0.782,0
3.885017,0,0.974,0,0,0.976,0.782,0
3.895329,0,0.974,0,0,0.976,0.782,0
3.906446,0,0.974,0,0,0.977,0.782,0
3.915431,0,0.974,0,0,0.976,0.782,0
3.92469,0,0.974,0,0,0.976,0.782,0
3.933668,0,0.974,0,0,0.976,0.782,0
3.945315,0,0.973,0,0,0.976,0.782,0
3.954406,0,0.973,0,0,0.976,0.782,0
3.962567,0,0.973,0,0,0.976,0.782,0
3.973141,0,0.973,0,0,0.976,0.782,0
3.982352,0,0.973,0,0,0.976,0.782,0
3.991009,0,0.973,0,0,0.976,0.782,0
3.999023,0,0.973,0,0,0.976,0.782,0
4.012992,0,0.973,0,0,0.976,0.782,0
4.022897,0,0.973,0,0,0.974,0.782,0
4.033478,0,0.973,0,0,0.974,0.782,0
4.044041,0,0.973,0,0,0.973,0.782,0
4.05381,0,0.973,0,0,0.973,0.782,0
4.063846,0,0.973,0,0,0.973,0.782,0
4.072823,0,0.973,0,0,0.974,0.782,0
4.084557,0,0.973,0,0,0.974,0.782,0
4.093247,0,0.973,0,0,0.972,0.782,0
4.10327,0,0.973,0,0,0.972,0.782,0
4.115503,0,0.973,0,0,0.974,0.782,0
4.124053,0,0.973,0,0,0.973,0.782,0
4.133992,0,0.973,0,0,0.972,0.782,0
4.144258,0,0.973,0,0,0.971,0.782,0
4.157656,0,0.973,0,0,0.971,0.782,0
4.169631,0,0.973,0,0,0.97,0.782,0
4.177871,0,0.973,0,0,0.971,0.782,0
4.187948,0,0.973,0,0,0.971,0.782,0
4.197966,0,0.973,0,0,0.969,0.782,0
4.206052,0,0.973,0,0,0.969,0.782,0
4.21418,0,0.973,0,0,0.971,0.782,0
4.222218,0,0.973,0,0,0.971,0.782,0
4.232096,0,0.973,0,0,0.968,0.782,0
4.240277,0,0.973,0,0,0.968,0.782,0
4.248153,0,0.973,0,0,0.968,0.782,0
4.259125,0,0.973,0,0,0.968,0.782,0
4.268456,0,0.973,0,0,0.969,0.782,0
4.276952,0,0.973,0,0,0.969,0.782,0
4.29123,0,0.973,0,0,0.97,0.782,0
4.301358,0,0.973,0,0,0.967,0.782,0
4.310513,0,0.973,0,0,0.967,0.782,0
4.319408,0,0.973,0,0,0.972,0.782,0
4.327495,0,0.973,0,0,0.973,0.782,0
4.336242,0,0.973,0,0,0.972,0.782,0
4.344591,0,0.973,0,0,0.972,0.782,0
4.352956,0,0.973,0,0,0.973,0.782,0
4.361806,0,0.973,0,0,0.973,0.782,0
4.371043,0,0.973,0,0,0.974,0.782,0
4.381171,0,0.973,0,0,0.975,0.782,0
4.389631,0,0.973,0,0,0.976,0.782,0
4.399893,0,0.973,0,0,0.977,0.782,0
4.408283,0,0.973,0,0,0.966,0.782,0
4.424559,0,0.973,0,0,0.966,0.782,0
4.434039,0,0.973,0,0,0.983,0.782,0
4.446667,0,0.973,0,0,0.985,0.782,0
4.455596,0,0.973,0,0,0.985,0.782,0
4.46443,0,0.973,0,0,0.988,0.782,0
4.476411,0,0.972,0,0,0.988,0.782,0
4.48524,0,0.972,0,0,0.985,0.782,0
4.498045,0,0.972,0,0,0.98,0.782,0
4.507706,0,0.972,0,0,0.98,0.782,0
4.519624,0,0.972,0,0,0.972,0.782,0
4.527709,0,0.972,0,0,0.978,0.782,0
4.537683,0,0.972,0,0,0.975,0.782,0
4.547136,0,0.972,0,0,0.972,0.782,0
4.556777,0,0.972,0,0,0.987,0.782,0
4.565346,0,0.972,0,0,0.987,0.782,0
4.579787,0,0.972,0,0,0.987,0.782,0
4.58868,0,0.972,0,0,0.987,0.782,0
4.596943,0,0.972,0,0,0.987,0.782,0
4.607643,0,0.972,0,0,0.987,0.782,0
4.617098,0,0.972,0,0,0.987,0.782,0
4.624753,0,0.972,0,0,0.987,0.782,0
4.634396,0,0.972,0,0,0.987,0.782,0
4.643782,0,0.972,0,0,0.987,0.782,0
4.652301,0,0.972,0,0,0.992,0.782,0
4.664929,0,0.972,0,0,0.992,0.782,0
4.675263,0,0.972,0,0,0.992,0.782,0
4.683613,0,0.972,0,0,0.992,0.782,0
4.693635,0,0.972,0,0,0.992,0.782,0
4.703893,0,0.972,0,0,0.992,0.782,0
4.718402,0,0.972,0,0,0.992,0.782,0
4.72748,0,0.972,0,0,0.992,0.782,0
4.737234,0,0.972,0,0,0.992,0.782,0
4.746755,0,0.972,0,0,0.992,0.782,0
4.755581,0,0.972,0,0,0.992,0.782,0
4.763972,0,0.972,0,0,0.992,0.782,0
4.77279,0,0.972,0,0,0.992,0.782,0
4.78105,0,0.972,0,0,0.992,0.782,0
4.789756,0,0.972,0,0,0.992,0.782,0
4.798925,0,0.972,0,0,0.992,0.782,0
4.807938,0,0.973,0,0,0.992,0.782,0
4.81794,0,0.973,0,0,0.992,0.782,0
4.826053,0,0.973,0,0,0.992,0.782,0
4.834265,0,0.973,0,0,0.992,0.782,0
4.848631,0,0.973,0,0,0.992,0.782,0
4.858291,0,0.973,0,0,0.992,0.782,0
4.867041,0,0.973,0,0,0.992,0.782,0
4.875872,0,0.973,0,0,0.992,0.782,0
4.88681,0,0.973,0,0,0.992,0.782,0
4.898839,0,0.973,0,0,0.992,0.782,0
4.910324,0,0.973,0,0,0.992,0.783,0
4.921555,0,0.973,0,0,0.992,0.783,0
4.9331,0,0.973,0,0,0.992,0.783,0
4.941407,0,0.973,0,0,0.992,0.783,0
4.949588,0,0.973,0,0,0.992,0.783,0
4.95857,0,0.973,0,0,0.992,0.783,0
4.967448,0,0.973,0,0,0.992,0.783,0
4.97715,0,0.973,0,0,0.992,0.783,0
4.99187,0,0.973,0,0,0.992,0.783,0
5.002194,0,0.973,0,0,0.994,0.783,0
5.01159,0,0.973,0,0,0.994,0.783,0
5.020129,0,0.973,0,0,0.994,0.783,0
5.029486,0,0.973,0,0,0.994,0.783,0
5.040841,0,0.973,0,0,0.994,0.783,0
5.050206,0,0.973,0,0,0.994,0.783,0
5.059659,0,0.973,0,0,0.994,0.783,0
5.067862,0,0.973,0,0,0.994,0.783,0
5.079869,0,0.973,0,0,0.994,0.783,0
5.087273,0,0.973,0,0,0.994,0.783,0
5.096707,0,0.973,0,0,0.994,0.783,0
5.109509,0,0.973,0,0,0.995,0.783,0
5.120883,0,0.973,0,0,0.995,0.783,0
5.14009,0,0.973,0,0,0.995,0.783,0
5.148719,0,0.973,0,0,0.995,0.783,0
5.15716,0,0.973,0,0,0.995,0.783,0
5.167021,0,0.973,0,0,0.995,0.783,0
5.175872,0,0.973,0,0,0.995,0.783,0
5.185167,0,0.973,0,0,0.995,0.783,0
5.193898,0,0.973,0,0,0.995,0.783,0
5.202679,0,0.973,0,0,0.995,0.783,0
5.211915,0,0.973,0,0,0.996,0.783,0
5.220913,0,0.973,0,0,0.996,0.783,0
5.231387,0,0.973,0,0,0.996,0.783,0
5.244348,0,0.973,0,0,0.996,0.783,0
5.252569,0,0.973,0,0,0.996,0.783,0
5.266757,0,0.973,0,0,0.996,0.783,0
5.275057,0,0.973,0,0,0.996,0.783,0
5.283535,0,0.973,0,0,0.996,0.783,0
5.293434,0,0.973,0,0,0.996,0.783,0
5.301174,0,0.973,0,0,0.996,0.783,0
5.310431,0,0.973,0,0,0.996,0.783,0
5.323434,0,0.973,0,0,0.996,0.783,0
5.336866,0,0.973,0,0,0.996,0.783,0
5.34638,0,0.973,0,0,0.996,0.783,0
5.35607,0,0.973,0,0,0.996,0.783,0
5.365213,0,0.973,0,0,0.996,0.783,0
5.37531,0,0.973,0,0,0.996,0.783,0
5.386597,0,0.973,0,0,0.996,0.783,0
5.395618,0,0.973,0,0,0.996,0.783,0
5.404739,0,0.973,0,0,0.996,0.783,0
5.419708,0,0.973,0,0,0.997,0.783,0
5.429461,0,0.973,0,0,0.997,0.783,0
5.4389,0,0.973,0,0,0.997,0.783,0
5.449459,0,0.973,0,0,0.997,0.783,0
5.458379,0,0.973,0,0,0.997,0.783,0
5.46682,0,0.973,0,0,0.997,0.783,0
5.476242,0,0.973,0,0,0.997,0.783,0
5.486471,0,0.973,0,0,0.997,0.783,0
5.496274,0,0.973,0,0,0.997,0.783,0
5.504816,0,0.973,0,0,0.997,0.783,0
5.513837,0,0.973,0,0,0.997,0.783,0
5.522045,0,0.973,0,0,0.997,0.783,0
5.531207,0,0.973,0,0,0.997,0.783,0
5.54724,0,0.973,0,0,0.997,0.783,0
5.558394,0,0.973,0,0,0.997,0.783,0
5.567131,0,0.973,0,0,0.997,0.783,0
5.577595,0,0.973,0,0,0.997,0.783,0
5.585452,0,0.973,0,0,0.997,0.783,0
5.593687,0,0.973,0,0,0.997,0.783,0
5.602134,0,0.973,0,0,0.997,0.783,0
5.612444,0,0.973,0,0,0.997,0.783,0
5.621609,0,0.973,0,0,0.997,0.783,0
5.630565,0,0.973,0,0,0.997,0.782,0
5.641291,0,0.973,0,0,0.997,0.782,0
5.649641,0,0.973,0,0,0.997,0.782,0
5.659557,0,0.973,0,0,0.997,0.782,0
5.669594,0,0.973,0,0,0.997,0.782,0
5.684652,0,0.973,0,0,0.997,0.782,0
5.693455,0,0.973,0,0,0.997,0.782,0
5.702518,0,0.973,0,0,0.997,0.782,0
5.712149,0,0.973,0,0,0.997,0.782,0
5.720525,0,0.973,0,0,0.997,0.782,0
5.729514,0,0.973,0,0,0.997,0.782,0
5.738017,0,0.973,0,0,0.997,0.782,0
5.749605,0,0.973,0,0,0.997,0.782,0
5.760877,0,0.973,0,0,0.997,0.782,0
5.769153,0,0.973,0,0,0.997,0.782,0
5.781064,0,0.973,0,0,0.997,0.782,0
5.790261,0,0.973,0,0,0.997,0.782,0
5.799421,0,0.973,0,0,0.997,0.782,0
5.808852,0,0.973,0,0,0.997,0.782,0
5.823692,0,0.973,0,0,0.997,0.782,0
5.832959,0,0.973,0,0,0.997,0.782,0
5.842536,0,0.973,0,0,0.997,0.782,0
5.852345,0,0.973,0.474,0,0.997,0.782,0
5.862068,0,0.973,0.474,0,0.997,0.782,0
5.871059,0,0.973,0.474,0,0.997,0.782,0
5.879654,0,0.973,0.474,0,0.997,0.782,0
5.888343,0,0.973,0.474,0,0.997,0.782,0
5.900092,0,0.973,0.474,0,0.997,0.782,0
5.909627,0,0.973,0.474,0,0.997,0.782,0
5.919516,0,0.973,0.474,0,0.997,0.782,0
5.932477,0,0.973,0.474,0,0.99,0.782,0
5.941157,0,0.973,0.474,0,0.99,0.782,0
5.950766,0,0.973,0.474,0,0.99,0.782,0
5.965102,0,0.973,0.474,0,0.99,0.782,0
5.977886,0,0.973,0.474,0,0.99,0.782,0
5.987832,0,0.973,0.474,0,0.99,0.782,0
5.998978,0,0.973,0.474,0,0.99,0.782,0
6.008291,0,0.973,0.474,0,0.99,0.782,0
6.019855,0,0.973,0.474,0,0.995,0.782,0
6.032091,0,0.973,0.474,0,0.995,0.782,0
6.040815,0,0.973,0.474,0,0.995,0.782,0
6.050424,0,0.973,0.474,0,0.995,0.782,0
6.062678,0,0.973,0.474,0,0.995,0.782,0
6.073081,0,0.973,0.474,0,0.995,0.782,0
6.081598,0,0.973,0.474,0,0.995,0.782,0
6.090326,0,0.973,0.474,0,0.995,0.782,0
6.098746,0,0.973,0.474,0,0.995,0.782,0
6.107546,0,0.973,0.474,0,0.995,0.782,0
6.121704,0,0.973,0.474,0,0.995,0.782,0
6.1311,0,0.973,0.474,0,0.995,0.782,0
6.142067,0,0.973,0.474,0,0.995,0.782,0
6.154516,0,0.973,0.474,0,0.995,0.782,0
6.167194,0,0.973,0.474,0,0.995,0.782,0
6.17679,0,0.973,0.474,0,0.995,0.782,0
6.185998,0,0.973,0.474,0,0.995,0.782,0
6.195393,0,0.973,0.474,0,0.995,0.782,0
6.204061,0,0.973,0.474,0,0.995,0.782,0
6.213773,0,0.973,0.474,0,0.995,0.782,0
6.222491,0,0.973,0.474,0,0.995,0.782,0
6.232015,0,0.973,0.474,0,0.995,0.782,0
6.24053,0,0.973,0.474,0,0.995,0.782,0
6.249201,0,0.973,0.474,0,0.995,0.782,0
6.265798,0,0.973,0.474,0,0.995,0.782,0
6.274971,0,0.973,0.474,0,0.995,0.782,0
6.283521,0,0.973,0.474,0,0.995,0.783,0
6.295275,0,0.973,0.474,0,0.995,0.783,0
6.304161,0,0.973,0.474,0,0.995,0.783,0
6.313266,0,0.973,0.474,0,0.995,0.783,0
6.322761,0,0.973,0.474,0,0.995,0.783,0
6.332398,0,0.973,0.474,0,0.995,0.783,0
6.34047,0,0.973,0.474,0,0.995,0.783,0
6.348595,0,0.973,0.474,0,0.995,0.783,0
6.358058,0,0.973,0.474,0,0.995,0.783,0
6.369833,0,0.973,0.47,0,0.995,0.783,0
6.382385,0,0.973,0.47,0,0.995,0.783,0
6.402134,0,0.973,0.47,0,0.995,0.783,0
6.414023,0,0.973,0.47,0,0.995,0.783,0
6.424625,0,0.973,0.47,0,0.995,0.783,0
6.435597,0,0.973,0.47,0,0.995,0.783,0
6.444972,0,0.973,0.47,0,0.995,0.783,0
6.456518,0,0.973,0.47,0,0.995,0.783,0
6.467174,0,0.972,0,0,0.995,0.783,0
6.479761,0,0.972,0,0,0.995,0.783,0
6.489149,0,0.972,0,0,0.995,0.783,0
6.50114,0,0.972,0,0,0.995,0.783,0
6.513339,0,0.972,0,0,0.995,0.783,0
6.5223,0,0.972,0,0,0.995,0.783,0
6.53128,0,0.972,0,0,0.995,0.783,0
6.542727,0,0.972,0,0,0.995,0.783,0
6.554897,0,0.972,0,0,0.995,0.783,0
6.570299,0,0.972,0,0,0.995,0.783,0
6.581808,0,0.972,0,0,0.995,0.783,0
6.591461,0,0.972,0,0,0.995,0.783,0
6.602709,0,0.972,0,0,0.995,0.783,0
6.615137,0,0.972,0,0,0.995,0.783,0
6.624584,0,0.972,0,0,0.995,0.783,0
6.635607,0,0.972,0,0,0.985,0.783,0
6.645129,0,0.972,0,0,0.984,0.783,0
6.655718,0,0.972,0,0,0.984,0.783,0
6.665726,0,0.972,0,0,0.983,0.783,0
6.676303,0,0.972,0,0,0.983,0.783,0
6.685936,0,0.972,0,0,0.982,0.783,0
6.696724,0,0.972,0,0,0.982,0.783,0
6.711494,0,0.972,0,0,0.982,0.783,0
6.723377,0,0.972,0,0,0.975,0.783,0
6.733428,0,0.972,0,0,0.975,0.783,0
6.743433,0,0.972,0,0,0.979,0.783,0
6.754799,0,0.972,0,0,0.98,0.783,0
6.76538,0,0.972,0,0,0.981,0.783,0
6.776194,0,0.972,0,0,0.982,0.783,0
6.786032,0,0.972,0,0,0.983,0.783,0
6.79627,0,0.972,0,0,0.984,0.782,0
6.808179,0,0.972,0,0,0.985,0.782,0
6.818905,0,0.972,0,0,0.985,0.782,0
6.830051,0,0.972,0,0,0.974,0.782,0
6.839988,0,0.972,0,0,0.974,0.782,0
6.851135,0,0.972,0,0,0.983,0.782,0
6.866737,0,0.972,0,0,0.98,0.782,0
6.877502,0,0.972,0,0,0.98,0.782,0
6.887989,0,0.972,0,0,0.977,0.782,0
6.898953,0,0.972,0,0,0.974,0.782,0
6.910272,0,0.972,0,0,0.974,0.782,0
6.921363,0,0.972,0,0,0.974,0.782,0
6.934012,0,0.972,0,0,0.974,0.782,0
6.944388,0,0.972,0,0,0.974,0.782,0
6.954278,0,0.972,0,0,0.974,0.782,0
6.964627,0,0.972,0,0,0.974,0.782,0
6.97494,0,0.972,0,0,0.974,0.782,0
6.986042,0,0.972,0,0,0.969,0.782,0
6.996145,0,0.972,0,0,0.969,0.782,0
7.006241,0,0.972,0,0,0.969,0.782,0
7.02557,0,0.972,0,0,0.969,0.782,0
7.036405,0,0.972,0,0,0.969,0.782,0
7.048433,0,0.972,0,0,0.969,0.782,0
7.060154,0,0.972,0,0,0.969,0.782,0
7.06942,0,0.972,0,0,0.966,0.782,0
7.081551,0,0.972,0,0,0.967,0.782,0
7.092396,0,0.972,0,0,0.966,0.782,0
7.103145,0,0.972,0,0,0.967,0.782,0
7.113863,0,0.972,0,0,0.967,0.782,0
7.124403,0,0.972,0,0,0.968,0.782,0
7.134332,0,0.972,0,0,0.969,0.782,0
7.142571,0,0.972,0,0,0.965,0.782,0
7.153507,0,0.972,0,0,0.965,0.782,0
7.163412,0,0.972,0,0,0.97,0.782,0
7.179193,0,0.972,0,0,0.969,0.782,0
7.187754,0,0.972,0,0,0.969,0.782,0
7.198464,0,0.972,0,0,0.968,0.782,0
7.206937,0,0.972,0,0,0.968,0.782,0
7.217194,0,0.972,0,0,0.969,0.782,0
7.227192,0,0.972,0,0,0.969,0.782,0
7.2374,0,0.972,0,0,0.969,0.782,0
7.246583,0,0.972,0,0,0.965,0.782,0
7.254419,0,0.972,0,0,0.965,0.782,0
7.264025,0,0.972,0,0,0.971,0.782,0
7.272102,0,0.972,0,0,0.971,0.782,0
7.281215,0,0.972,0,0,0.972,0.782,0
7.29186,0,0.972,0,0,0.972,0.782,0
7.30089,0,0.972,0,0,0.974,0.782,0
7.311094,0,0.972,0,0,0.977,0.782,0
7.324028,0,0.972,0,0,0.977,0.782,0
7.334528,0,0.972,0,0,0.98,0.782,0
7.343445,0,0.972,0,0,0.98,0.782,0
7.353594,0,0.972,0,0,0.965,0.782,0
7.361672,0,0.972,0,0,0.965,0.782,0
7.371802,0,0.972,0,0,0.981,0.782,0
7.381434,0,0.972,0,0,0.979,0.782,0
7.392459,0,0.972,0,0,0.978,0.782,0
7.400488,0,0.972,0,0,0.979,0.782,0
7.409935,0,0.972,0,0,0.979,0.782,0
7.421559,0,0.972,0,0,0.979,0.782,0
7.430408,0,0.972,0,0,0.979,0.782,0
7.439487,0,0.971,0,0,0.979,0.782,0
7.449218,0,0.971,0,0,0.979,0.782,0
7.465412,0,0.971,0,0,0.979,0.782,0
7.474936,0,0.971,0,0,0.979,0.782,0
7.484095,0,0.971,0,0,0.979,0.782,0
7.493562,0,0.971,0,0,0.979,0.782,0
7.502923,0,0.971,0,0,0.979,0.782,0
7.513237,0,0.971,0,0,0.979,0.782,0
7.523455,0,0.971,0,0,0.979,0.782,0
7.532277,0,0.971,0,0,0.979,0.782,0
7.544868,0,0.971,0,0,0.979,0.782,0
7.553892,0,0.971,0,0,0.979,0.782,0
7.566291,0,0.971,0,0,0.979,0.782,0
7.575582,0,0.971,0,0,0.979,0.782,0
7.584839,0,0.971,0,0,0.979,0.782,0
7.596971,0,0.971,0,0,0.979,0.782,0
7.610037,0,0.971,0,0,0.979,0.782,0
7.619558,0,0.971,0,0,0.979,0.782,0
7.62746,0,0.971,0,0,0.979,0.782,0
7.641005,0,0.971,0,0,0.979,0.782,0
7.651178,0,0.971,0,0,0.979,0.782,0
7.659451,0,0.971,0,0,0.979,0.782,0
7.670385,0,0.971,0,0,0.979,0.782,0
7.679609,0,0.971,0,0,0.979,0.782,0
7.687954,0,0.971,0,0,0.979,0.782,0
7.697235,0,0.971,0,0,0.979,0.782,0
7.70966,0,0.971,0,0,0.988,0.782,0
7.720175,0,0.971,0,0,0.988,0.782,0
7.731291,0,0.971,0,0,0.988,0.782,0
7.739736,0,0.971,0,0,0.988,0.782,0
7.74901,0,0.971,0,0,0.988,0.782,0
7.763778,0,0.971,0,0,0.988,0.782,0
7.773149,0,0.971,0,0,0.988,0.782,0
7.781357,0,0.972,0,0,0.988,0.782,0
7.791562,0,0.972,0,0,0.988,0.782,0
7.800183,0,0.972,0,0,0.988,0.782,0
7.809818,0,0.972,0,0,0.988,0.782,0
7.819394,0,0.972,0,0,0.988,0.782,0
7.828508,0,0.972,0,0,0.988,0.782,0
7.838419,0,0.972,0,0,0.988,0.782,0
7.847806,0,0.972,0,0,0.988,0.782,0
7.858918,0,0.972,0,0,0.988,0.782,0
7.866938,0,0.972,0,0,0.988,0.782,0
7.875799,0,0.972,0,0,0.988,0.782,0
7.885957,0,0.973,0,0,0.988,0.782,0
7.900217,0,0.973,0,0,0.988,0.782,0
7.908497,0,0.973,0,0,0.988,0.782,0
7.91829,0,0.973,0,0,0.988,0.782,0
7.92815,0,0.973,0,0,0.988,0.782,0
7.938432,0,0.973,0,0,0.988,0.782,0
7.948345,0,0.973,0,0,0.988,0.782,0
7.956737,0,0.973,0,0,0.988,0.782,0
7.965172,0,0.973,0,0,0.988,0.782,0
7.975158,0,0.973,0,0,0.988,0.782,0
7.98529,0,0.973,0,0,0.988,0.782,0
7.99531,0,0.974,0,0,0.988,0.782,0
8.00464,0,0.974,0,0,0.988,0.782,0
8.013886,0,0.974,0,0,0.988,0.782,0
8.022346,0,0.974,0,0,0.988,0.782,0
8.036142,0,0.974,0,0,0.988,0.782,0
8.04489,0,0.974,0,0,0.988,0.782,0
8.053359,0,0.974,0,0,0.988,0.782,0
8.062226,0,0.974,0,0,0.988,0.782,0
8.071187,0,0.974,0,0,0.988,0.782,0
8.082395,0,0.974,0,0,0.988,0.782,0
8.092691,0,0.974,0,0,0.988,0.782,0
8.104582,0,0.975,0,0,0.988,0.782,0
8.11415,0,0.975,0,0,0.988,0.782,0
8.12262,0,0.975,0,0,0.988,0.782,0
8.131561,0,0.975,0,0,0.988,0.782,0
8.140911,0,0.975,0,0,0.988,0.782,0
8.148918,0,0.975,0,0,0.988,0.782,0
8.159659,0,0.975,0,0,0.988,0.782,0
8.173426,0,0.975,0,0,0.988,0.782,0
8.182982,0,0.975,0,0,0.988,0.782,0
8.192622,0,0.975,0,0,0.988,0.782,0
8.204904,0,0.976,0,0,0.988,0.782,0
8.214049,0,0.976,0,0,0.986,0.782,0
8.22237,0,0.976,0,0,0.986,0.782,0
8.231872,0,0.976,0,0,0.986,0.782,0
8.241168,0,0.976,0,0,0.986,0.782,0
8.250175,0,0.976,0,0,0.986,0.782,0
8.260496,0,0.976,0,0,0.986,0.782,0
8.268411,0,0.976,0,0,0.986,0.782,0
8.277691,0,0.976,0,0,0.986,0.782,0
8.286809,0,0.976,0,0,0.986,0.782,0
8.296517,0,0.976,0,0,0.986,0.782,0
8.310473,0,0.976,0,0,0.986,0.782,0
8.321548,0,0.976,0,0,0.974,0.782,0
8.329644,0,0.976,0,0,0.974,0.782,0
8.337934,0,0.976,0,0,0.974,0.782,0
8.34693,0,0.976,0,0,0.974,0.782,0
8.356174,0,0.976,0,0,0.974,0.782,0
8.364547,0,0.976,0,0,0.974,0.782,0
8.374262,0,0.976,0,0,0.974,0.782,0
8.38403,0,0.976,0,0,0.974,0.782,0
8.39343,0,0.976,0,0,0.974,0.781,0
8.402914,0,0.976,0,0,0.974,0.781,0
8.411735,0,0.976,0,0,0.974,0.781,0
8.421198,0,0.976,0,0,0.974,0.781,0
8.430367,0,0.976,0,0,0.974,0.781,0
8.445963,0,0.976,0,0,0.974,0.781,0
8.455395,0,0.976,0,0,0.974,0.781,0
8.463984,0,0.976,0,0,0.974,0.781,0
8.473645,0,0.976,0,0,0.974,0.781,0
8.482944,0,0.976,0,0,0.974,0.781,0
8.494795,0,0.976,0,0,0.974,0.781,0
8.504455,0,0.976,0,0,0.974,0.781,0
8.513875,0,0.976,0,0,0.974,0.781,0
8.522693,0,0.976,0,0,0.974,0.781,0
8.531199,0,0.976,0,0,0.974,0.781,0
8.539837,0,0.976,0,0,0.974,0.781,0
8.548203,0,0.976,0,0,0.974,0.781,0
8.557818,0,0.976,0,0,0.974,0.781,0
8.568112,0,0.976,0,0,0.974,0.781,0
8.585342,0,0.976,0,0,0.974,0.781,0
8.597555,0,0.976,0,0,0.974,0.781,0
8.606001,0,0.976,0,0,0.974,0.78,0
8.61694,0,0.976,0,0,0.974,0.78,0
8.625577,0,0.976,0,0,0.974,0.781,0
8.638326,0,0.976,0,0,0.974,0.781,0
8.646526,0,0.976,0,0,0.973,0.781,0
8.655719,0,0.976,0,0,0.973,0.781,0
8.664441,0,0.976,0,0,0.973,0.781,0
8.673503,0,0.976,0,0,0.973,0.781,0
8.682197,0,0.976,0,0,0.973,0.781,0
8.691448,0,0.976,0,0,0.973,0.781,0
8.70182,0,0.976,0,0,0.973,0.781,0
8.711928,0,0.976,0,0,0.973,0.781,0
8.725478,0,0.976,0,0,0.973,0.781,0
8.735322,0,0.976,0,0,0.973,0.781,0
8.745758,0,0.976,0,0,0.973,0.781,0
8.754099,0,0.976,0,0,0.973,0.781,0
8.765081,0,0.976,0,0,0.973,0.781,0
8.773705,0,0.976,0,0,0.973,0.781,0
8.781301,0,0.976,0,0,0.973,0.781,0
8.791009,0,0.976,0,0,0.973,0.781,0
8.799886,0,0.976,0,0,0.973,0.781,0
8.812582,0,0.976,0,0,0.973,0.781,0
8.822863,0,0.976,0,0,0.973,0.781,0
8.831376,0,0.976,0,0,0.973,0.781,0
8.839438,0,0.976,0,0,0.973,0.781,0
8.85282,0,0.976,0,0,0.973,0.781,0
8.866367,0,0.976,0,0,0.973,0.781,0
8.875129,0,0.976,0,0,0.973,0.781,0
8.884365,0,0.976,0,0,0.973,0.781,0
8.894557,0,0.976,0,0,0.974,0.781,0
8.90605,0,0.976,0,0,0.974,0.781,0
8.915761,0,0.976,0,0,0.974,0.781,0
8.929537,0,0.976,0,0,0.974,0.781,0
8.937984,0,0.976,0,0,0.974,0.781,0
8.946276,0,0.976,0,0,0.974,0.781,0
8.955556,0,0.976,0,0,0.974,0.781,0
8.964321,0,0.976,0,0,0.974,0.781,0
8.97498,0,0.976,0,0,0.974,0.781,0
8.985075,0,0.976,0,0,0.974,0.781,0
8.994162,0,0.976,0,0,0.982,0.781,0
9.008616,0,0.976,0,0,0.982,0.781,0
9.020147,0,0.976,0,0,0.982,0.781,0
9.029249,0,0.976,0,0,0.982,0.781,0
9.039268,0,0.976,0,0,0.982,0.781,0
9.04795,0,0.976,0,0,0.982,0.781,0
9.058952,0,0.976,0,0,0.982,0.781,0
9.066898,0,0.976,0,0,0.982,0.781,0
9.078092,0,0.976,0,0,0.982,0.781,0
9.085873,0,0.976,0,0,0.982,0.781,0
9.095349,0,0.976,0,0,0.989,0.781,0
9.104588,0,0.976,0,0,0.989,0.781,0
9.116331,0,0.976,0,0,0.989,0.781,0
9.128389,0,0.976,0,0,0.989,0.781,0
9.140497,0,0.976,0,0,0.989,0.781,0
9.157633,0,0.976,0,0,0.989,0.781,0
9.168299,0,0.976,0,0,0.989,0.781,0
9.179073,0,0.976,0,0,0.989,0.781,0
9.188838,0,0.976,0,0,0.989,0.781,0
9.198534,0,0.976,0,0,0.989,0.781,0
9.206863,0,0.976,0,0,0.989,0.781,0
9.217848,0,0.976,0,0,0.989,0.781,0
9.22576,0,0.976,0,0,0.989,0.781,0
9.236078,0,0.976,0,0,0.989,0.781,0
9.245237,0,0.975,0,0,0.989,0.781,0
9.254382,0,0.975,0,0,0.989,0.781,0
9.263762,0,0.975,0,0,0.989,0.781,0
9.272325,0,0.975,0,0,0.989,0.781,0
9.280769,0,0.975,0,0,0.989,0.781,0
9.294721,0,0.975,0,0,0.989,0.781,0
9.304891,0,0.975,0,0,0.989,0.781,0
9.313733,0,0.975,0,0,0.989,0.781,0
9.323441,0,0.975,0,0,0.989,0.781,0
9.331692,0,0.975,0,0,0.989,0.781,0
9.340412,0,0.975,0,0,0.989,0.781,0
9.35032,0,0.975,0,0,0.989,0.781,0
9.360267,0,0.975,0,0,0.989,0.781,0
9.371017,0,0.975,0,0,0.989,0.781,0
9.379508,0,0.975,0,0,0.989,0.781,0
9.387759,0,0.975,0,0,0.989,0.781,0
9.396827,0,0.975,0,0,0.989,0.781,0
9.404842,0,0.975,0,0,0.989,0.781,0
9.413736,0,0.975,0,0,0.989,0.781,0
9.423525,0,0.975,0,0,0.989,0.781,0
9.439857,0,0.975,0,0,0.989,0.781,0
9.450384,0,0.975,0,0,0.989,0.781,0
9.463678,0,0.975,0,0,0.989,0.781,0
9.472853,0,0.975,0,0,0.989,0.781,0
9.482535,0,0.975,0,0,0.989,0.781,0
9.491798,0,0.975,0,0,0.989,0.781,0
9.501276,0,0.975,0,0,0.989,0.781,0
9.510292,0,0.975,0,0,0.989,0.781,0
9.51881,0,0.975,0,0,0.989,0.781,0
9.526562,0,0.975,0,0,0.989,0.781,0
9.534446,0,0.975,0,0,0.989,0.781,0
9.543235,0,0.975,0,0,0.989,0.781,0
9.555381,0,0.974,0,0,0.989,0.781,0
9.564815,0,0.974,0,0,0.989,0.781,0
9.581632,0,0.974,0,0,0.989,0.781,0
9.592118,0,0.974,0,0,0.989,0.781,0
9.601924,0,0.974,0,0,0.989,0.781,0
9.61201,0,0.974,0,0,0.989,0.781,0
9.621701,0,0.974,0,0,0.989,0.781,0
9.631742,0,0.974,0,0,0.989,0.781,0
9.641113,0,0.974,0,0,0.989,0.781,0
9.654241,0,0.974,0,0,0.989,0.781,0
9.664509,0,0.974,0,0,0.989,0.781,0
9.674651,0,0.974,0,0,0.989,0.781,0
9.684595,0,0.974,0,0,0.989,0.781,0
9.694638,0,0.974,0,0,0.989,0.781,0
9.703408,0,0.974,0,0,0.989,0.781,0
9.712859,0,0.974,0,0,0.977,0.781,0
9.721873,0,0.974,0,0,0.977,0.781,0
9.736451,0,0.974,0,0,0.977,0.781,0
9.746225,0,0.974,0,0,0.977,0.781,0
9.755361,0,0.974,0,0,0.977,0.781,0
9.76615,0,0.974,0,0,0.977,0.781,0
9.775756,0,0.974,0,0,0.977,0.781,0
9.785497,0,0.974,0,0,0.977,0.781,0
9.796585,0,0.974,0,0,0.977,0.781,0
9.80456,0,0.974,0,0,0.977,0.781,0
9.813261,0,0.974,0,0,0.977,0.781,0
9.823032,0,0.974,0,0,0.963,0.781,0
9.835555,0,0.974,0,0,0.972,0.781,0
9.843858,0,0.974,0,0,0.972,0.781,0
9.854635,0,0.974,0,0,0.98,0.781,0
9.866087,0,0.974,0,0,0.987,0.781,0
9.883232,0,0.974,0,0,0.992,0.782,0
9.898067,0,0.974,0,0,0.995,0.782,0
9.906005,0,0.974,0,0,0.978,0.782,0
9.914035,0,0.974,0,0,0.978,0.782,0
9.924484,0,0.974,0,0,0.996,0.782,0
9.933839,0,0.974,0,0,0.994,0.782,0
9.942437,0,0.974,0,0,0.995,0.782,0
9.952116,0,0.974,0,0,0.994,0.782,0
9.959971,0,0.974,0,0,0.994,0.782,0
9.968081,0,0.974,0,0,0.993,0.782,0
9.97705,0,0.974,0,0,0.994,0.782,0
9.98667,0,0.974,0,0,0.992,0.782,0
9.996318,0,0.974,0,0,0.992,0.782,0
10.00513,0,0.974,0,0,0.99,0.782,0
10.02084,0,0.974,0,0,0.978,0.782,0
10.02912,0,0.974,0,0,0.978,0.782,0
10.03923,0,0.974,0,0,0.983,0.782,0
10.04997,0,0.974,0,0,0.981,0.782,0
10.0587,0,0.974,0,0,0.981,0.782,0
10.06707,0,0.974,0,0,0.984,0.782,0
10.08042,0,0.974,0,0,0.989,0.782,0
10.09002,0,0.974,0,0,0.989,0.782,0
10.10218,0,0.974,0,0,0.987,0.782,0
10.11136,0,0.974,0,0,0.985,0.782,0
10.1246,0,0.974,0,0,0.978,0.782,0
10.13518,0,0.974,0,0,0.978,0.782,0
10.14389,0,0.974,0,0,0.985,0.782,0
10.15385,0,0.974,0,0,0.986,0.782,0
10.169,0,0.974,0,0,0.987,0.782,0
10.18336,0,0.974,0,0,0.989,0.782,0
10.19234,0,0.974,0,0,0.989,0.782,0
10.20239,0,0.974,0,0,0.991,0.782,0
10.21153,0,0.974,0,0,0.991,0.782,0
10.21972,0,0.974,0,0,0.989,0.782,0
10.22826,0,0.974,0,0,0.978,0.782,0
10.23679,0,0.974,0,0,0.978,0.782,0
10.24515,0,0.974,0,0,0.978,0.782,0
10.25445,0,0.974,0,0,0.993,0.782,0
10.26266,0,0.974,0,0,0.996,0.782,0
10.27259,0,0.974,0,0,0.995,0.782,0
10.28154,0,0.974,0,0,0.991,0.782,0
10.2908,0,0.974,0,0,0.993,0.782,0
10.30652,0,0.974,0,0,0.993,0.783,0
10.31761,0,0.974,0,0,0.994,0.783,0
10.32761,0,0.974,0,0,0.994,0.783,0
10.33612,0,0.974,0,0,0.978,0.783,0
10.34436,0,0.974,0,0,0.978,0.783,0
10.35601,0,0.974,0,0,0.993,0.783,0
10.36436,0,0.974,0,0,0.994,0.783,0
10.37442,0,0.974,0,0,0.995,0.783,0
10.3828,0,0.974,0,0,0.996,0.783,0
10.39368,0,0.974,0,0,0.996,0.783,0
10.4023,0,0.974,0,0,0.997,0.783,0
10.41041,0,0.974,0,0,0.998,0.783,0
10.42381,0,0.974,0,0,0.998,0.783,0
10.43712,0,0.974,0,0,0.978,0.783,0
10.44548,0,0.974,0,0,0.978,0.783,0
10.45439,0,0.974,0,0,0.998,0.783,0
10.46252,0,0.974,0,0,0.997,0.783,0
10.47198,0,0.974,0,0,0.997,0.783,0
10.48134,0,0.974,0,0,0.993,0.783,0
10.49045,0,0.974,0,0,0.988,0.783,0
10.50442,0,0.974,0,0,0.987,0.783,0
10.51319,0,0.974,0,0,0.984,0.783,0
10.52454,0,0.974,0,0,0.984,0.783,0
10.53507,0,0.974,0,0,0.982,0.783,0
10.54484,0,0.974,0,0,0.982,0.783,0
10.55294,0,0.974,0,0,0.982,0.783,0
10.56089,0,0.974,0,0,0.982,0.783,0
10.56892,0,0.974,0,0,0.982,0.783,0
10.585,0,0.974,0,0,0.982,0.783,0
10.59766,0,0.974,0,0,0.984,0.783,0
10.60821,0,0.974,0,0,0.984,0.783,0
10.6173,0,0.974,0,0,0.984,0.783,0
10.62649,0,0.974,0,0,0.984,0.783,0
10.63557,0,0.974,0,0,0.984,0.783,0
10.64504,0,0.974,0,0,0.984,0.783,0
10.65607,0,0.974,0,0,0.984,0.783,0
10.66491,0,0.974,0,0,0.984,0.783,0
10.67392,0,0.974,0,0,0.984,0.783,0
10.68563,0,0.974,0,0,0.994,0.783,0
10.69429,0,0.974,0,0,0.994,0.783,0
10.70447,0,0.974,0,0,0.994,0.783,0
10.71415,0,0.974,0,0,0.994,0.783,0
10.72796,0,0.974,0,0,0.994,0.783,0
10.73875,0,0.974,0,0,0.994,0.783,0
10.74666,0,0.974,0,0,0.994,0.783,0
10.75627,0,0.974,0,0,0.994,0.783,0
10.76724,0,0.974,0,0,0.994,0.783,0
10.7763,0,0.974,0,0,0.994,0.783,0
10.78702,0,0.974,0,0,0.994,0.783,0
10.7967,0,0.974,0,0,0.994,0.783,0
10.80495,0,0.974,0,0,0.994,0.783,0
10.81433,0,0.974,0,0,0.994,0.783,0
10.82379,0,0.974,0,0,0.994,0.783,0
10.83517,0,0.975,0,0,0.994,0.784,0
10.84616,0,0.975,0,0,0.994,0.784,0
10.85507,0,0.975,0,0,0.994,0.784,0
10.86951,0,0.975,0,0,0.994,0.784,0
10.87764,0,0.975,0,0,0.994,0.784,0
10.88808,0,0.975,0,0,0.994,0.784,0
10.89679,0,0.975,0,0,0.994,0.784,0
10.90566,0,0.975,0,0,0.994,0.784,0
10.91507,0,0.975,0,0,0.994,0.784,0
10.92379,0,0.975,0,0,0.994,0.784,0
10.9336,0,0.975,0,0,0.994,0.784,0
10.94289,0,0.975,0,0,0.994,0.784,0
10.9535,0,0.975,0,0,0.994,0.784,0
10.96198,0,0.975,0,0,0.994,0.784,0
10.97038,0,0.975,0,0,0.994,0.784,0
10.98116,0,0.975,0,0,0.994,0.784,0
10.99048,0,0.975,0,0,0.994,0.784,0
11.00421,0,0.975,0,0,0.994,0.784,0
11.01381,0,0.975,0,0,0.994,0.784,0
11.02216,0,0.975,0,0,0.994,0.784,0
11.031,0,0.975,0,0,0.994,0.784,0
11.04136,0,0.975,0,0,0.994,0.784,0
11.05214,0,0.975,0,0,0.994,0.784,0
11.06196,0,0.975,0,0,0.994,0.784,0
11.07243,0,0.975,0,0,0.994,0.784,0
11.08038,0,0.975,0,0,0.994,0.784,0
11.08845,0,0.975,0,0,0.994,0.784,0
11.09794,0,0.975,0,0,0.994,0.784,0
11.1083,0,0.975,0,0,0.994,0.784,0
11.11854,0,0.975,0,0,0.994,0.784,0
11.12723,0,0.975,0,0,0.994,0.784,0
11.14213,0,0.975,0,0,0.994,0.784,0
11.15258,0,0.975,0,0,0.994,0.784,0
11.162,0,0.975,0,0,0.994,0.784,0
11.17157,0,0.975,0,0,0.994,0.784,0
11.17957,0,0.975,0,0,0.994,0.784,0
11.1873,0,0.975,0,0,0.988,0.784,0
11.1978,0,0.975,0,0,0.988,0.784,0
11.20626,0,0.975,0,0,0.988,0.784,0
11.21479,0,0.975,0,0,0.988,0.784,0
11.22444,0,0.975,0,0,0.988,0.784,0
11.23582,0,0.975,0,0,0.988,0.784,0
11.24491,0,0.975,0,0,0.988,0.784,0
11.25441,0,0.975,0,0,0.988,0.784,0
11.26308,0,0.975,0,0,0.988,0.784,0
11.27731,0,0.975,0,0,0.988,0.784,0
11.28544,0,0.975,0,0,0.988,0.784,0
11.29533,0,0.975,0,0,0.977,0.784,0
11.3058,0,0.975,0,0,0.977,0.784,0
11.31421,0,0.975,0,0,0.977,0.784,0
11.32467,0,0.975,0,0,0.977,0.784,0
11.33435,0,0.975,0,0,0.977,0.784,0
11.34378,0,0.975,0,0,0.977,0.784,0
11.3527,0,0.975,0,0,0.977,0.784,0
11.36156,0,0.975,0,0,0.977,0.784,0
11.37063,0,0.975,0,0,0.977,0.784,0
11.37999,0,0.975,0,0,0.977,0.784,0
11.38947,0,0.975,0,0,0.977,0.784,0
11.39766,0,0.975,0,0,0.977,0.784,0
11.41084,0,0.975,0,0,0.977,0.784,0
11.42175,0,0.975,0,0,0.977,0.784,0
11.43099,0,0.975,0,0,0.977,0.784,0
11.44081,0,0.975,0,0,0.977,0.784,0
11.45017,0,0.975,0,0,0.977,0.783,0
11.46135,0,0.975,0,0,0.977,0.783,0
11.47293,0,0.975,0,0,0.977,0.783,0
11.48343,0,0.975,0,0,0.977,0.783,0
11.49167,0,0.975,0,0,0.977,0.783,0
11.50042,0,0.975,0,0,0.977,0.783,0
11.51219,0,0.975,0,0,0.974,0.783,0
11.52066,0,0.975,0,0,0.974,0.783,0
11.53054,0,0.975,0,0,0.974,0.783,0
11.53897,0,0.975,0,0,0.974,0.783,0
11.54786,0,0.975,0,0,0.974,0.783,0
11.56176,0,0.975,0,0,0.974,0.783,0
11.57116,0,0.975,0,0,0.974,0.783,0
11.57945,0,0.975,0,0,0.974,0.783,0
11.58923,0,0.975,0,0,0.974,0.783,0
11.59881,0,0.975,0,0,0.974,0.783,0
11.60882,0,0.975,0,0,0.974,0.783,0
11.61998,0,0.975,0,0,0.968,0.783,0
11.6283,0,0.975,0,0,0.968,0.783,0
11.63736,0,0.975,0,0,0.968,0.783,0
11.64718,0,0.975,0,0,0.968,0.783,0
11.65571,0,0.974,0,0,0.968,0.783,0
11.66645,0,0.974,0,0,0.969,0.783,0
11.67488,0,0.974,0,0,0.968,0.783,0
11.68358,0,0.974,0,0,0.967,0.783,0
11.69967,0,0.974,0,0,0.967,0.783,0
11.70881,0,0.974,0,0,0.969,0.783,0
11.71867,0,0.974,0,0,0.969,0.783,0
11.72922,0,0.974,0,0,0.968,0.783,0
11.73799,0,0.974,0,0,0.968,0.783,0
11.74831,0,0.974,0,0,0.966,0.783,0
11.7591,0,0.974,0,0,0.966,0.783,0
11.76739,0,0.974,0,0,0.966,0.783,0
11.77879,0,0.974,0,0,0.966,0.783,0
11.78849,0,0.974,0,0,0.966,0.783,0
11.79899,0,0.974,0,0,0.966,0.783,0
11.80682,0,0.974,0,0,0.966,0.783,0
11.81656,0,0.974,0,0,0.968,0.783,0
11.8274,0,0.974,0,0,0.978,0.783,0
11.84066,0,0.974,0,0,0.978,0.783,0
11.84919,0,0.974,0,0,0.978,0.783,0
11.86062,0,0.974,0,0,0.978,0.783,0
11.869,0,0.974,0,0,0.978,0.783,0
11.87794,0,0.974,0,0,0.978,0.783,0
11.8872,0,0.974,0,0,0.978,0.783,0
11.89568,0,0.974,0,0,0.978,0.783,0
11.90408,0,0.974,0,0,0.978,0.783,0
11.9132,0,0.974,0,0,0.978,0.783,0
11.92454,0,0.974,0,0,0.98,0.783,0
11.93337,0,0.974,0,0,0.98,0.783,0
11.94202,0,0.974,0,0,0.98,0.783,0
11.95215,0,0.974,0,0,0.98,0.783,0
11.96076,0,0.974,0,0,0.98,0.783,0
11.96926,0,0.974,0,0,0.98,0.783,0
11.98473,0,0.973,0,0,0.98,0.783,0
11.99406,0,0.973,0,0,0.98,0.783,0
12.0042,0,0.973,0.473,0,0.98,0.783,0
12.01409,0,0.973,0.473,0,0.98,0.783,0
12.02361,0,0.973,0.473,0,0.98,0.783,0
12.03406,0,0.973,0.473,0,0.98,0.783,0
12.04409,0,0.973,0.473,0,0.98,0.783,0
12.05199,0,0.973,0.473,0,0.98,0.783,0
12.06301,0,0.973,0.473,0,0.98,0.783,0
12.0719,0,0.973,0.473,0,0.98,0.783,0
12.08014,0,0.973,0.473,0,0.98,0.783,0
12.08884,0,0.973,0.473,0,0.98,0.783,0
12.10017,0,0.973,0.473,0,0.98,0.783,0
12.10956,0,0.973,0.505,0,0.98,0.784,0
12.11977,0,0.973,0.505,0,0.98,0.784,0
12.13368,0,0.973,0.505,0,0.98,0.784,0
12.14339,0,0.973,0.505,0,0.98,0.784,0
12.15591,0,0.973,0.505,0,0.98,0.784,0
12.16508,0,0.973,0.505,0,0.98,0.784,0
12.17612,0,0.973,0.505,0,0.98,0.784,0
12.18438,0,0.973,0.505,0,0.98,0.784,0
12.19656,0,0.973,0.505,0,0.98,0.784,0
12.20587,0,0.973,0.505,0,0.98,0.784,0
12.21767,0,0.973,0.505,0,0.98,0.784,0
12.22836,0,0.973,0.505,0,0.98,0.784,0
12.23696,0,0.973,0.505,0,0.98,0.784,0
12.24564,0,0.973,0.505,0,0.98,0.784,0
12.25459,0,0.973,0.505,0,0.98,0.784,0
12.2634,0,0.973,0.505,0,0.98,0.784,0
12.28007,0,0.973,0.505,0,0.98,0.784,0
12.2899,0,0.973,0.505,0,0.98,0.784,0
12.29942,0,0.973,0.505,0,0.98,0.784,0
12.30813,0,0.973,0.505,0,0.98,0.784,0
12.31662,0,0.973,0.505,0,0.98,0.784,0
12.32667,0,0.973,0.505,0,0.98,0.784,0
12.33579,0,0.973,0.505,0,0.98,0.784,0
12.34438,0,0.973,0.505,0,0.98,0.784,0
12.35313,0,0.973,0.505,0,0.98,0.784,0
12.36362,0,0.973,0.505,0,0.98,0.784,0
12.3735,0,0.973,0.505,0,0.98,0.784,0
12.38327,0,0.973,0.505,0,0.98,0.784,0
12.39318,0,0.973,0.505,0,0.98,0.784,0
12.40477,0,0.973,0.505,0,0.98,0.784,0
12.41558,0,0.973,0.505,0,0.98,0.784,0
12.4295,0,0.973,0.505,0,0.98,0.784,0
12.43886,0,0.973,0.505,0,0.98,0.784,0
12.45063,0,0.973,0.505,0,0.98,0.784,0
12.45957,0,0.973,0.505,0,0.98,0.784,0
12.4689,0,0.973,0.505,0,0.98,0.784,0
12.48199,0,0.973,0.505,0,0.98,0.784,0
12.49162,0,0.973,0.505,0,0.98,0.784,0
12.50425,0,0.973,0.505,0,0.98,0.784,0
12.51356,0,0.973,0.505,0,0.98,0.784,0
12.52359,0,0.973,0.505,0,0.98,0.784,0
12.53378,0,0.973,0.505,0,0.98,0.784,0
12.54405,0,0.973,0.505,0,0.989,0.784,0
12.55314,0,0.973,0.505,0,0.989,0.784,0
12.56331,0,0.973,0.505,0,0.989,0.784,0
12.5782,0,0.973,0.505,0,0.989,0.784,0
12.58819,0,0.973,0.505,0,0.989,0.784,0
12.59654,0,0.973,0.505,0,0.989,0.784,0
12.60587,0,0.973,0.505,0,0.989,0.784,0
12.61463,0,0.973,0.505,0,0.989,0.784,0
12.62602,0,0.973,0.489,0,0.989,0.784,0
12.63622,0,0.973,0.489,0,0.99,0.784,0
12.64763,0,0.973,0.489,0,0.995,0.784,0
12.65777,0,0.973,0.489,0,0.995,0.784,0
12.66716,0,0.973,0.489,0,0.995,0.784,0
12.67792,0,0.973,0.489,0,0.989,0.784,0
12.68921,0,0.973,0.489,0,0.989,0.784,0
12.6986,0,0.973,0.489,0,0.989,0.784,0
12.70768,0,0.973,0.489,0,0.989,0.784,0
12.7222,0,0.972,0,0,0.989,0.784,0
12.73099,0,0.972,0,0,0.989,0.784,0
12.74017,0,0.972,0,0,0.989,0.784,0
12.74875,0,0.973,0,0,0.989,0.784,0
12.76237,0,0.973,0,0,0.989,0.784,0
12.77672,0,0.973,0,0,0.989,0.784,0
12.79039,0,0.973,0,0,0.989,0.784,0
12.79966,0,0.973,0,0,0.989,0.784,0
12.80887,0,0.973,0,0,0.989,0.784,0
12.81749,0,0.973,0,0,0.989,0.784,0
12.82631,0,0.973,0,0,0.989,0.784,0
12.83713,0,0.973,0,0,0.989,0.784,0
12.84567,0,0.973,0,0,0.989,0.784,0
12.85686,0,0.973,0,0,0.989,0.784,0
12.87385,0,0.973,0,0,0.989,0.784,0
12.88368,0,0.973,0,0,0.989,0.784,0
12.89284,0,0.973,0,0,0.989,0.784,0
12.90082,0,0.973,0,0,0.989,0.784,0
12.90923,0,0.973,0,0,0.989,0.784,0
12.91838,0,0.973,0,0,0.989,0.784,0
12.92822,0,0.973,0,0,0.989,0.784,0
12.93635,0,0.973,0,0,0.989,0.784,0
12.94946,0,0.973,0,0,0.989,0.784,0
12.95817,0,0.973,0,0,0.989,0.784,0
12.96896,0,0.973,0,0,0.989,0.784,0
12.97865,0,0.973,0,0,0.989,0.784,0
12.98973,0,0.973,0,0,0.989,0.784,0
13.0003,0,0.973,0,0,0.989,0.784,0
13.0165,0,0.973,0,0,0.989,0.784,0
13.02542,0,0.973,0,0,0.989,0.784,0
13.03455,0,0.973,0,0,0.989,0.784,0
13.04382,0,0.973,0,0,0.989,0.784,0
13.05327,0,0.973,0,0,0.979,0.784,0
13.06199,0,0.973,0,0,0.979,0.784,0
13.07139,0,0.973,0,0,0.979,0.784,0
13.08237,0,0.973,0,0,0.979,0.784,0
13.09182,0,0.973,0,0,0.979,0.784,0
13.10231,0,0.973,0,0,0.979,0.784,0
13.11153,0,0.973,0,0,0.979,0.784,0
13.11939,0,0.973,0,0,0.988,0.784,0
13.12881,0,0.973,0,0,0.99,0.784,0
13.13946,0,0.973,0,0,0.979,0.784,0
13.15492,0,0.973,0,0,0.986,0.784,0
13.16591,0,0.973,0,0,0.987,0.784,0
13.17744,0,0.973,0,0,0.987,0.784,0
13.18918,0,0.973,0,0,0.987,0.784,0
13.19921,0,0.973,0,0,0.986,0.784,0
13.20837,0,0.973,0,0,0.986,0.784,0
13.21697,0,0.973,0,0,0.983,0.784,0
13.22547,0,0.973,0,0,0.983,0.784,0
13.23418,0,0.973,0,0,0.98,0.784,0
13.24371,0,0.973,0,0,0.968,0.784,0
13.25163,0,0.973,0,0,0.968,0.784,0
13.26054,0,0.972,0,0,0.98,0.784,0
13.26948,0,0.972,0,0,0.979,0.785,0
13.27863,0,0.972,0,0,0.979,0.785,0
13.29205,0,0.972,0,0,0.978,0.785,0
13.30362,0,0.972,0,0,0.978,0.785,0
13.31389,0,0.972,0,0,0.978,0.785,0
13.32338,0,0.972,0,0,0.978,0.785,0
13.33198,0,0.972,0,0,0.978,0.785,0
13.33982,0,0.972,0,0,0.967,0.785,0
13.34825,0,0.972,0,0,0.967,0.785,0
13.35783,0,0.972,0,0,0.979,0.785,0
13.36709,0,0.971,0,0,0.979,0.785,0
13.37692,0,0.971,0,0,0.978,0.786,0
13.38939,0,0.971,0,0,0.977,0.786,0
13.39821,0,0.971,0,0,0.977,0.786,0
13.40716,0,0.971,0,0,0.978,0.786,0
13.41726,0,0.971,0,0,0.978,0.786,0
13.4308,0,0.971,0,0,0.978,0.786,0
13.44017,0,0.971,0,0,0.969,0.786,0
13.45018,0,0.971,0,0,0.969,0.786,0
13.45953,0,0.971,0,0,0.979,0.786,0
13.46853,0,0.971,0,0,0.977,0.786,0
13.47795,0,0.972,0,0,0.979,0.786,0
13.49139,0,0.972,0,0,0.979,0.786,0
13.50195,0,0.972,0,0,0.981,0.786,0
13.51125,0,0.972,0,0,0.981,0.786,0
13.51983,0,0.972,0,0,0.984,0.786,0
13.52864,0,0.972,0,0,0.989,0.786,0
13.53736,0,0.972,0,0,0.989,0.786,0
13.54571,0,0.972,0,0,0.971,0.786,0
13.55378,0,0.972,0,0,0.971,0.786,0
13.56173,0,0.972,0,0,0.989,0.786,0
13.57507,0,0.972,0,0,0.988,0.786,0
13.58397,0,0.972,0,0,0.986,0.786,0
13.59488,0,0.972,0,0,0.988,0.786,0
13.60391,0,0.972,0,0,0.988,0.786,0
13.61248,0,0.972,0,0,0.988,0.786,0
13.6213,0,0.972,0,0,0.988,0.786,0
13.62973,0,0.972,0,0,0.988,0.786,0
13.63848,0,0.972,0,0,0.988,0.786,0
13.64695,0,0.972,0,0,0.988,0.786,0
13.65644,0,0.972,0,0,0.988,0.786,0
13.66547,0,0.972,0,0,0.988,0.786,0
13.67493,0,0.972,0,0,0.988,0.786,0
13.68482,0,0.973,0,0,0.988,0.786,0
13.69832,0,0.973,0,0,0.988,0.786,0
13.71468,0,0.973,0,0,0.988,0.786,0
13.72373,0,0.973,0,0,0.988,0.786,0
13.73373,0,0.973,0,0,0.988,0.786,0
13.74188,0,0.973,0,0,0.988,0.786,0
13.75137,0,0.973,0,0,0.988,0.786,0
13.76084,0,0.973,0,0,0.988,0.786,0
13.76866,0,0.973,0,0,0.988,0.786,0
13.77817,0,0.973,0,0,0.988,0.786,0
13.7886,0,0.973,0,0,0.988,0.786,0
13.7993,0,0.973,0,0,0.988,0.786,0
13.80847,0,0.973,0,0,0.988,0.786,0
13.81676,0,0.973,0,0,0.988,0.786,0
13.82527,0,0.973,0,0,0.988,0.786,0
13.83419,0,0.973,0,0,0.988,0.786,0
13.84281,0,0.973,0,0,0.988,0.786,0
13.85801,0,0.973,0,0,0.988,0.786,0
13.86702,0,0.973,0,0,0.988,0.786,0
13.87563,0,0.973,0,0,0.988,0.786,0
13.88449,0,0.973,0,0,0.988,0.786,0
13.89414,0,0.973,0,0,0.988,0.786,0
13.90309,0,0.973,0,0,0.988,0.786,0
13.91205,0,0.973,0,0,0.988,0.786,0
13.92313,0,0.973,0,0,0.988,0.786,0
13.93241,0,0.973,0,0,0.988,0.786,0
13.94068,0,0.973,0,0,0.988,0.786,0
13.94977,0,0.973,0,0,0.988,0.786,0
13.9615,0,0.973,0,0,0.988,0.786,0
13.96973,0,0.973,0,0,0.988,0.786,0
13.98021,0,0.973,0,0,0.988,0.786,0
13.99604,0,0.973,0,0,0.988,0.786,0
14.01075,0,0.973,0,0,0.988,0.786,0
14.01986,0,0.973,0,0,0.988,0.786,0
14.02836,0,0.973,0,0,0.988,0.786,0
14.03825,0,0.973,0,0,0.988,0.786,0
14.04684,0,0.973,0,0,0.988,0.786,0
14.05492,0,0.973,0,0,0.988,0.786,0
14.06333,0,0.973,0,0,0.988,0.786,0
14.07268,0,0.973,0,0,0.988,0.786,0
14.08068,0,0.973,0,0,0.988,0.786,0
14.08902,0,0.973,0,0,0.988,0.786,0
14.09769,0,0.973,0,0,0.988,0.786,0
14.1068,0,0.973,0,0,0.988,0.786,0
14.11747,0,0.973,0,0,0.988,0.786,0
14.13338,0,0.973,0,0,0.988,0.786,0
14.1439,0,0.973,0,0,0.988,0.786,0
14.15195,0,0.973,0,0,0.988,0.786,0
14.16214,0,0.973,0,0,0.988,0.786,0
14.17174,0,0.973,0,0,0.988,0.786,0
14.18013,0,0.973,0,0,0.988,0.786,0
14.18828,0,0.973,0,0,0.988,0.786,0
14.19783,0,0.973,0,0,0.988,0.786,0
14.20727,0,0.973,0,0,0.988,0.786,0
14.21624,0,0.973,0,0,0.988,0.786,0
14.22665,0,0.973,0,0,0.988,0.786,0
14.23811,0,0.973,0,0,0.988,0.786,0
14.24949,0,0.973,0,0,0.988,0.786,0
14.25975,0,0.973,0,0,0.988,0.786,0
14.27274,0,0.973,0,0,0.988,0.786,0
14.28176,0,0.973,0,0,0.988,0.786,0
14.29124,0,0.973,0,0,0.988,0.786,0
14.2991,0,0.973,0,0,0.988,0.786,0
14.30803,0,0.973,0,0,0.985,0.786,0
14.31737,0,0.973,0,0,0.985,0.786,0
14.32924,0,0.973,0,0,0.985,0.786,0
14.34083,0,0.973,0,0,0.985,0.786,0
14.3491,0,0.973,0,0,0.985,0.786,0
14.35852,0,0.973,0,0,0.985,0.786,0
14.36789,0,0.973,0,0,0.985,0.786,0
14.37731,0,0.973,0,0,0.985,0.786,0
14.38665,0,0.973,0,0,0.985,0.786,0
14.39753,0,0.973,0,0,0.985,0.786,0
14.41438,0,0.972,0,0,0.985,0.786,0
14.42398,0,0.972,0,0,0.985,0.786,0
14.43357,0,0.972,0,0,0.985,0.786,0
14.44211,0,0.972,0,0,0.985,0.786,0
14.4504,0,0.972,0,0,0.985,0.786,0
14.46059,0,0.972,0,0,0.985,0.786,0
14.47244,0,0.972,0,0,0.985,0.786,0
14.4821,0,0.972,0,0,0.985,0.786,0
14.49127,0,0.972,0,0,0.985,0.786,0
14.50234,0,0.972,0,0,0.985,0.786,0
14.51074,0,0.972,0,0,0.985,0.786,0
14.51956,0,0.972,0,0,0.985,0.786,0
14.52833,0,0.972,0,0,0.985,0.786,0
14.5445,0,0.972,0,0,0.985,0.786,0
14.5543,0,0.972,0,0,0.985,0.786,0
14.56668,0,0.972,0,0,0.985,0.786,0
14.57608,0,0.972,0,0,0.985,0.786,0
14.58564,0,0.972,0,0,0.985,0.786,0
14.59527,0,0.972,0,0,0.985,0.786,0
14.60357,0,0.972,0,0,0.985,0.786,0
14.61244,0,0.972,0,0,0.985,0.786,0
14.62129,0,0.972,0,0,0.985,0.786,0
14.62998,0,0.972,0,0,0.985,0.786,0
14.64256,0,0.972,0,0,0.985,0.786,0
14.65505,0,0.972,0,0,0.985,0.786,0
14.66418,0,0.972,0,0,0.985,0.786,0
14.6751,0,0.972,0,0,0.985,0.786,0
14.68959,0,0.972,0,0,0.985,0.786,0
14.70102,0,0.972,0,0,0.985,0.786,0
14.71002,0,0.972,0,0,0.985,0.786,0
14.7182,0,0.972,0,0,0.985,0.786,0
14.72815,0,0.972,0,0,0.985,0.786,0
14.73795,0,0.972,0,0,0.971,0.786,0
14.74746,0,0.972,0,0,0.971,0.786,0
14.75662,0,0.972,0,0,0.971,0.786,0
14.76615,0,0.972,0,0,0.971,0.786,0
14.77516,0,0.972,0,0,0.971,0.786,0
14.7839,0,0.972,0,0,0.971,0.786,0
14.79739,0,0.972,0,0,0.971,0.786,0
14.80549,0,0.972,0,0,0.971,0.786,0
14.81394,0,0.972,0,0,0.971,0.786,0
14.82298,0,0.972,0,0,0.971,0.786,0
14.83697,0,0.972,0,0,0.971,0.786,0
14.84649,0,0.972,0,0,0.962,0.786,0
14.85759,0,0.972,0,0,0.962,0.786,0
14.86604,0,0.972,0,0,0.962,0.786,0
14.87522,0,0.972,0,0,0.962,0.786,0
14.88412,0,0.972,0,0,0.962,0.786,0
14.89348,0,0.972,0,0,0.962,0.786,0
14.90237,0,0.972,0,0,0.962,0.786,0
14.91161,0,0.972,0,0,0.962,0.786,0
14.92246,0,0.972,0,0,0.962,0.786,0
14.93187,0,0.972,0,0,0.962,0.786,0
14.94154,0,0.972,0,0,0.962,0.786,0
14.95311,0,0.972,0,0,0.962,0.786,0
14.9617,0,0.972,0,0,0.962,0.786,0
14.97499,0,0.972,0,0,0.962,0.786,0
14.98426,0,0.972,0,0,0.962,0.786,0
14.99426,0,0.972,0,0,0.962,0.786,0
15.00329,0,0.972,0,0,0.962,0.786,0
15.01292,0,0.972,0,0,0.962,0.786,0
15.02062,0,0.972,0,0,0.962,0.786,0
15.02908,0,0.972,0,0,0.962,0.786,0
15.03763,0,0.972,0,0,0.962,0.786,0
15.04696,0,0.972,0,0,0.962,0.786,0
15.05641,0,0.972,0,0,0.962,0.786,0
15.06511,0,0.972,0,0,0.963,0.786,0
15.07479,0,0.972,0,0,0.969,0.786,0
15.08361,0,0.972,0,0,0.969,0.786,0
15.09226,0,0.972,0,0,0.969,0.786,0
15.1082,0,0.972,0,0,0.969,0.786,0
15.11682,0,0.972,0,0,0.969,0.786,0
15.12568,0,0.972,0,0,0.969,0.786,0
15.13665,0,0.972,0,0,0.969,0.786,0
15.1465,0,0.972,0,0,0.969,0.786,0
15.15567,0,0.972,0,0,0.969,0.786,0
15.16869,0,0.972,0,0,0.969,0.786,0
15.17782,0,0.972,0,0,0.989,0.786,0
15.18931,0,0.972,0,0,0.989,0.786,0
15.19971,0,0.972,0,0,0.989,0.786,0
15.21065,0,0.972,0,0,0.989,0.786,0
15.22021,0,0.972,0,0,0.989,0.786,0
15.22847,0,0.972,0,0,0.989,0.786,0
15.23679,0,0.972,0,0,0.989,0.786,0
15.25186,0,0.972,0,0,0.989,0.786,0
15.26175,0,0.972,0,0,0.989,0.786,0
15.27414,0,0.972,0,0,0.989,0.786,0
15.28321,0,0.972,0,0,0.99,0.786,0
15.29292,0,0.972,0,0,0.99,0.786,0
15.3014,0,0.972,0,0,0.99,0.786,0
15.30926,0,0.972,0,0,0.99,0.786,0
15.31871,0,0.972,0,0,0.99,0.786,0
15.32671,0,0.972,0,0,0.99,0.786,0
15.3356,0,0.972,0,0,0.99,0.786,0
15.34357,0,0.972,0,0,0.99,0.786,0
15.35297,0,0.972,0,0,0.99,0.786,0
15.3616,0,0.972,0,0,0.99,0.786,0
15.3702,0,0.972,0,0,0.99,0.786,0
15.38715,0,0.972,0,0,0.99,0.786,0
15.39702,0,0.972,0,0,0.99,0.786,0
15.40523,0,0.972,0,0,0.99,0.786,0
15.41834,0,0.972,0,0,0.99,0.786,0
15.42593,0,0.972,0,0,0.99,0.786,0
15.43503,0,0.972,0,0,0.99,0.786,0
15.4436,0,0.972,0,0,0.99,0.786,0
15.45401,0,0.972,0,0,0.99,0.786,0
15.46579,0,0.972,0,0,0.99,0.786,0
15.47488,0,0.972,0,0,0.99,0.786,0
15.48464,0,0.972,0,0,0.99,0.786,0
15.49496,0,0.972,0,0,0.99,0.786,0
15.50418,0,0.972,0,0,0.99,0.786,0
15.51465,0,0.972,0,0,0.99,0.786,0
15.53133,0,0.972,0,0,0.99,0.786,0
15.54008,0,0.972,0,0,0.99,0.786,0
15.54729,0,0.972,0,0,0.99,0.786,0
15.55668,0,0.972,0,0,0.99,0.786,0
15.56553,0,0.972,0,0,0.99,0.786,0
15.57482,0,0.972,0,0,0.99,0.786,0
15.5843,0,0.972,0,0,0.99,0.786,0
15.59863,0,0.972,0,0,0.99,0.786,0
15.60989,0,0.972,0,0,0.99,0.786,0
15.6185,0,0.972,0,0,0.99,0.786,0
15.62693,0,0.972,0,0,0.99,0.786,0
15.6375,0,0.972,0,0,0.99,0.786,0
15.64585,0,0.972,0,0,0.99,0.786,0
15.65794,0,0.972,0,0,0.99,0.786,0
15.67374,0,0.972,0,0,0.99,0.786,0
15.68307,0,0.972,0,0,0.99,0.786,0
15.69503,0,0.972,0,0,0.99,0.786,0
15.70515,0,0.972,0,0,0.99,0.786,0
15.71561,0,0.972,0,0,0.99,0.786,0
15.72844,0,0.972,0,0,0.99,0.786,0
15.73954,0,0.972,0,0,0.99,0.786,0
15.74829,0,0.972,0,0,0.99,0.786,0
15.75766,0,0.972,0,0,0.99,0.786,0
15.76716,0,0.972,0,0,0.99,0.786,0
15.77627,0,0.972,0,0,0.99,0.786,0
15.78477,0,0.972,0,0,0.99,0.786,0
15.79383,0,0.972,0,0,0.991,0.787,0
15.80384,0,0.972,0,0,0.991,0.787,0
15.81782,0,0.972,0,0,0.991,0.787,0
15.82761,0,0.972,0,0,0.991,0.787,0
15.83637,0,0.972,0,0,0.991,0.787,0
15.845,0,0.972,0,0,0.991,0.787,0
15.85402,0,0.972,0,0,0.991,0.787,0
15.86259,0,0.972,0,0,0.993,0.787,0
15.87451,0,0.972,0,0,0.993,0.787,0
15.88571,0,0.972,0,0,0.992,0.787,0
15.89632,0,0.972,0,0,0.991,0.787,0
15.90589,0,0.972,0,0,0.991,0.787,0
15.92009,0,0.972,0,0,0.991,0.787,0
15.93147,0,0.972,0,0,0.991,0.787,0
15.94192,0,0.972,0,0,0.991,0.787,0
15.95037,0,0.972,0,0,0.991,0.787,0
15.96587,0,0.972,0,0,0.991,0.787,0
15.97531,0,0.972,0,0,0.991,0.787,0
15.98509,0,0.972,0,0,0.991,0.787,0
15.9954,0,0.972,0,0,0.991,0.787,0
16.00347,0,0.972,0,0,0.991,0.787,0
16.01343,0,0.972,0,0,0.991,0.787,0
16.02276,0,0.972,0,0,0.991,0.787,0
16.03256,0,0.972,0,0,0.991,0.787,0
16.04198,0,0.972,0,0,0.991,0.787,0
16.05226,0,0.972,0,0,0.991,0.787,0
16.06088,0,0.972,0,0,0.991,0.787,0
16.07271,0,0.972,0,0,0.991,0.787,0
16.08137,0,0.972,0,0,0.991,0.787,0
16.09119,0,0.972,0,0,0.991,0.787,0
16.10567,0,0.972,0,0,0.991,0.787,0
16.11436,0,0.972,0,0,0.991,0.787,0
16.12423,0,0.972,0,0,0.991,0.787,0
16.13419,0,0.972,0,0,0.991,0.787,0
16.14365,0,0.972,0,0,0.991,0.787,0
16.15239,0,0.972,0,0,0.991,0.787,0
16.16256,0,0.972,0,0,0.991,0.787,0
16.17222,0,0.972,0,0,0.991,0.787,0
16.18085,0,0.972,0,0,0.991,0.787,0
16.18889,0,0.972,0,0,0.991,0.787,0
16.1992,0,0.972,0,0,0.991,0.787,0
16.20851,0,0.972,0,0,0.991,0.787,0
16.22196,0,0.972,0,0,0.991,0.787,0
16.23112,0,0.972,0,0,0.991,0.787,0
16.24642,0,0.972,0,0,0.991,0.787,0
16.25497,0,0.972,0,0,0.991,0.787,0
16.26316,0,0.972,0,0,0.991,0.787,0
16.27146,0,0.972,0,0,0.991,0.787,0
16.2794,0,0.972,0,0,0.991,0.787,0
16.28831,0,0.972,0,0,0.991,0.787,0
16.29907,0,0.971,0,0,0.977,0.787,0
16.30893,0,0.971,0,0,0.975,0.787,0
16.31897,0,0.971,0,0,0.975,0.787,0
16.32836,0,0.971,0,0,0.975,0.787,0
16.33878,0,0.971,0,0,0.975,0.787,0
16.34765,0,0.971,0,0,0.975,0.787,0
16.37066,0,0.971,0,0,0.975,0.787,0
16.38709,0,0.971,0,0,0.975,0.787,0
16.40227,0,0.971,0,0,0.965,0.787,0
16.41253,0,0.971,0,0,0.965,0.787,0
16.42494,0,0.971,0,0,0.966,0.787,0
16.43385,0,0.971,0,0,0.966,0.787,0
16.44562,0,0.971,0,0,0.967,0.787,0
16.45415,0,0.971,0,0,0.968,0.787,0
16.46348,0,0.971,0,0,0.97,0.787,0
16.47383,0,0.971,0,0,0.965,0.787,0
16.48639,0,0.971,0,0,0.965,0.787,0
16.49788,0,0.971,0,0,0.971,0.787,0
16.5084,0,0.971,0,0,0.972,0.787,0
16.51933,0,0.971,0,0,0.975,0.787,0
16.53139,0,0.971,0,0,0.977,0.787,0
16.54433,0,0.971,0,0,0.978,0.787,0
16.56181,0,0.971,0,0,0.98,0.787,0
16.57493,0,0.971,0,0,0.98,0.787,0
16.58632,0,0.971,0,0,0.954,0.787,0
16.59499,0,0.971,0,0,0.954,0.787,0
16.60364,0,0.971,0,0,0.979,0.787,0
16.61295,0,0.971,0,0,0.982,0.787,0
16.62125,0,0.971,0,0,0.982,0.787,0
16.62953,0,0.971,0,0,0.984,0.787,0
16.63942,0,0.971,0,0,0.984,0.787,0
16.6484,0,0.972,0,0,0.985,0.787,0
16.65826,0,0.972,0,0,0.985,0.787,0
16.66872,0,0.972,0,0,0.987,0.787,0
16.67696,0,0.972,0,0,0.987,0.787,0
16.68617,0,0.972,0,0,0.959,0.787,0
16.70403,0,0.972,0,0,0.988,0.787,0
16.71297,0,0.972,0,0,0.991,0.787,0
16.72143,0,0.972,0,0,0.992,0.787,0
16.73427,0,0.972,0,0,0.988,0.787,0
16.74352,0,0.972,0,0,0.989,0.787,0
16.75402,0,0.972,0,0,0.987,0.788,0
16.76281,0,0.972,0,0,0.983,0.788,0
16.77261,0,0.972,0,0,0.983,0.788,0
16.78082,0,0.972,0,0,0.983,0.788,0
16.791,0,0.972,0,0,0.977,0.788,0
16.79988,0,0.972,0,0,0.977,0.788,0
16.80779,0,0.972,0,0,0.978,0.788,0
16.81667,0,0.972,0,0,0.977,0.788,0
16.8252,0,0.972,0,0,0.98,0.788,0
16.83934,0,0.972,0,0,0.98,0.788,0
16.84852,0,0.972,0,0,0.98,0.788,0
16.85954,0,0.972,0,0,0.98,0.788,0
16.87011,0,0.972,0,0,0.98,0.788,0
16.87904,0,0.972,0,0,0.98,0.788,0
16.88984,0,0.972,0,0,0.98,0.788,0
16.89946,0,0.972,0,0,0.98,0.788,0
16.90809,0,0.972,0,0,0.98,0.788,0
16.91831,0,0.972,0,0,0.98,0.788,0
16.9307,0,0.972,0,0,0.98,0.788,0
16.93939,0,0.972,0,0,0.98,0.788,0
16.9526,0,0.972,0,0,0.98,0.788,0
16.9616,0,0.972,0,0,0.98,0.788,0
16.97888,0,0.972,0,0,0.98,0.788,0
16.9883,0,0.972,0,0,0.98,0.788,0
16.99919,0,0.972,0,0,0.98,0.788,0
17.00765,0,0.972,0,0,0.98,0.788,0
17.01647,0,0.972,0,0,0.98,0.788,0
17.02523,0,0.972,0,0,0.98,0.788,0
17.03385,0,0.972,0,0,0.98,0.788,0
17.04278,0,0.972,0,0,0.98,0.788,0
17.05132,0,0.972,0,0,0.98,0.788,0
17.06043,0,0.972,0,0,0.98,0.788,0
17.07051,0,0.972,0,0,0.98,0.788,0
17.07926,0,0.972,0,0,0.98,0.788,0
17.09036,0,0.972,0,0,0.98,0.788,0
17.09988,0,0.972,0,0,0.98,0.788,0
17.11142,0,0.972,0,0,0.98,0.788,0
17.12571,0,0.972,0,0,0.98,0.788,0
17.13561,0,0.972,0,0,0.98,0.788,0
17.14718,0,0.972,0,0,0.98,0.788,0
17.15639,0,0.972,0,0,0.98,0.788,0
17.16641,0,0.972,0,0,0.98,0.788,0
17.1778,0,0.972,0,0,0.98,0.788,0
17.18744,0,0.972,0,0,0.98,0.788,0
17.19854,0,0.972,0,0,0.98,0.788,0
17.20946,0,0.972,0,0,0.98,0.788,0
17.21995,0,0.972,0,0,0.98,0.788,0
17.23043,0,0.972,0,0,0.98,0.788,0
17.23984,0,0.972,0,0,0.98,0.788,0
17.2487,0,0.972,0,0,0.98,0.788,0
17.25927,0,0.972,0,0,0.98,0.788,0
17.27276,0,0.972,0,0,0.98,0.788,0
17.28339,0,0.972,0,0,0.98,0.788,0
17.29379,0,0.972,0,0,0.98,0.788,0
17.30253,0,0.972,0,0,0.98,0.788,0
17.31248,0,0.972,0,0,0.98,0.788,0
17.32093,0,0.972,0,0,0.98,0.788,0
17.32897,0,0.972,0,0,0.98,0.788,0
17.33695,0,0.972,0,0,0.972,0.788,0
17.34693,0,0.972,0,0,0.972,0.788,0
17.35681,0,0.972,0,0,0.972,0.788,0
17.36665,0,0.97,0,0,0.972,0.788,0
17.37844,0,0.97,0,0,0.972,0.788,0
17.38772,0,0.97,0,0,0.972,0.788,0
17.39747,0,0.97,0,0,0.972,0.788,0
17.41281,0,0.97,0,0,0.972,0.788,0
17.42193,0,0.97,0,0,0.972,0.788,0
17.43037,0,0.97,0,0,0.972,0.788,0
17.44284,0,0.97,0,0,0.972,0.788,0
17.45315,0,0.97,0,0,0.972,0.788,0
17.46153,0,0.97,0,0,0.972,0.788,0
17.47033,0,0.97,0,0,0.972,0.788,0
17.48056,0,0.97,0,0,0.972,0.788,0
17.48907,0,0.97,0,0,0.972,0.788,0
17.50053,0,0.97,0,0,0.972,0.788,0
17.50855,0,0.97,0,0,0.972,0.788,0
17.51782,0,0.97,0,0,0.972,0.788,0
17.52579,0,0.97,0,0,0.972,0.788,0
17.53383,0,0.97,0,0,0.972,0.788,0
17.54984,0,0.97,0,0,0.972,0.788,0
17.55887,0,0.97,0,0,0.972,0.788,0
17.56857,0,0.97,0,0,0.972,0.788,0
17.57939,0,0.97,0,0,0.972,0.788,0
17.58757,0,0.97,0,0,0.972,0.788,0
17.5977,0,0.97,0,0,0.972,0.788,0
17.60719,0,0.97,0,0,0.972,0.788,0
17.61625,0,0.97,0,0,0.972,0.788,0
17.62562,0,0.97,0,0,0.972,0.788,0
17.63399,0,0.97,0,0,0.972,0.788,0
17.64282,0,0.97,0,0,0.972,0.788,0
17.65507,0,0.97,0,0,0.972,0.788,0
17.66409,0,0.97,0,0,0.972,0.788,0
17.67771,0,0.97,0,0,0.972,0.788,0
17.69361,0,0.97,0,0,0.972,0.788,0
17.70381,0,0.97,0,0,0.972,0.788,0
17.7127,0,0.971,0,0,0.972,0.788,0
17.72329,0,0.971,0,0,0.972,0.788,0
17.73512,0,0.971,0,0,0.972,0.788,0
17.74413,0,0.971,0,0,0.972,0.788,0
17.75294,0,0.971,0,0,0.972,0.788,0
17.76181,0,0.971,0,0,0.972,0.788,0
17.77333,0,0.971,0,0,0.973,0.788,0
17.78314,0,0.971,0,0,0.973,0.788,0
17.7929,0,0.971,0,0,0.973,0.788,0
17.80156,0,0.971,0,0,0.973,0.788,0
17.81015,0,0.971,0,0,0.973,0.788,0
17.81937,0,0.971,0,0,0.973,0.788,0
17.836,0,0.971,0,0,0.973,0.788,0
17.84654,0,0.971,0,0,0.973,0.788,0
17.85706,0,0.971,0,0,0.973,0.788,0
17.86682,0,0.971,0,0,0.973,0.788,0
17.87955,0,0.971,0,0,0.975,0.788,0
17.89061,0,0.971,0,0,0.975,0.788,0
17.90126,0,0.971,0,0,0.975,0.788,0
17.9107,0,0.971,0,0,0.975,0.788,0
17.91997,0,0.971,0,0,0.975,0.788,0
17.92969,0,0.971,0,0,0.975,0.788,0
17.93785,0,0.971,0,0,0.975,0.788,0
17.94654,0,0.971,0,0,0.975,0.788,0
17.95599,0,0.971,0,0,0.975,0.788,0
17.96635,0,0.971,0,0,0.975,0.788,0
17.98149,0,0.971,0,0,0.975,0.788,0
17.9911,0,0.971,0,0,0.975,0.788,0
18.00281,0,0.971,0,0,0.975,0.788,0
18.01344,0,0.971,0,0,0.975,0.788,0
18.02352,0,0.971,0,0,0.975,0.788,0
18.03527,0,0.971,0,0,0.975,0.788,0
18.04448,0,0.971,0,0,0.975,0.788,0
18.05425,0,0.971,0,0,0.975,0.788,0
18.06238,0,0.971,0,0,0.975,0.788,0
18.07126,0,0.971,0,0,0.975,0.788,0
18.07985,0,0.971,0,0,0.975,0.788,0
18.08971,0,0.971,0,0,0.975,0.788,0
18.09887,0,0.971,0,0,0.975,0.788,0
18.10982,0,0.971,0,0,0.975,0.788,0
18.12374,0,0.971,0,0,0.975,0.788,0
18.13305,0,0.971,0,0,0.975,0.788,0
18.14551,0,0.971,0,0,0.975,0.788,0
18.15428,0,0.971,0,0,0.975,0.788,0
18.16304,0,0.971,0,0,0.975,0.788,0
18.17276,0,0.971,0,0,0.975,0.788,0
18.18205,0,0.971,0,0,0.975,0.788,0
18.19054,0,0.971,0,0,0.975,0.788,0
18.19965,0,0.971,0,0,0.975,0.788,0
18.20858,0,0.971,0,0,0.975,0.788,0
18.21918,0,0.971,0,0,0.975,0.787,0
18.23116,0,0.971,0,0,0.975,0.787,0
18.24044,0,0.971,0,0,0.975,0.787,0
18.24926,0,0.971,0,0,0.975,0.787,0
18.2636,0,0.971,0,0,0.975,0.787,0
18.27175,0,0.971,0,0,0.975,0.787,0
18.28346,0,0.971,0,0,0.975,0.787,0
18.29317,0,0.971,0,0,0.975,0.787,0
18.30184,0,0.971,0,0,0.975,0.787,0
18.31188,0,0.971,0,0,0.975,0.787,0
18.32045,0,0.971,0,0,0.975,0.787,0
18.32999,0,0.971,0,0,0.975,0.787,0
18.33899,0,0.972,0,0,0.975,0.788,0
18.34761,0,0.972,0,0,0.975,0.788,0
18.3589,0,0.972,0,0,0.975,0.788,0
18.36961,0,0.972,0,0,0.975,0.788,0
18.37811,0,0.972,0,0,0.975,0.788,0
18.38708,0,0.972,0,0,0.974,0.788,0
18.40302,0,0.972,0,0,0.974,0.788,0
18.4122,0,0.972,0,0,0.974,0.788,0
18.42339,0,0.972,0,0,0.974,0.788,0
18.43223,0,0.972,0,0,0.974,0.788,0
18.4432,0,0.972,0,0,0.974,0.788,0
18.45495,0,0.972,0,0,0.974,0.788,0
18.46326,0,0.972,0,0,0.974,0.788,0
18.47168,0,0.972,0,0,0.974,0.788,0
18.48138,0,0.972,0,0,0.974,0.788,0
18.49022,0,0.972,0,0,0.974,0.788,0
18.49858,0,0.972,0,0,0.974,0.788,0
18.50751,0,0.972,0,0,0.974,0.788,0
18.51863,0,0.972,0,0,0.974,0.788,0
18.52855,0,0.972,0,0,0.974,0.788,0
18.54373,0,0.973,0,0,0.974,0.788,0
18.55365,0,0.973,0,0,0.974,0.788,0
18.56227,0,0.973,0,0,0.974,0.788,0
18.57053,0,0.973,0,0,0.974,0.788,0
18.57902,0,0.973,0,0,0.974,0.788,0
18.58731,0,0.973,0,0,0.974,0.788,0
18.59644,0,0.973,0,0,0.974,0.788,0
18.60928,0,0.973,0,0,0.974,0.788,0
18.61811,0,0.973,0,0,0.974,0.788,0
18.62611,0,0.973,0,0,0.976,0.788,0
18.63527,0,0.973,0,0,0.976,0.788,0
18.64382,0,0.973,0,0,0.976,0.788,0
18.65233,0,0.973,0,0,0.976,0.788,0
18.66311,0,0.973,0,0,0.976,0.788,0
18.6769,0,0.973,0,0,0.976,0.788,0
18.68531,0,0.973,0,0,0.976,0.788,0
18.69792,0,0.973,0,0,0.976,0.788,0
18.70637,0,0.973,0,0,0.976,0.788,0
18.71533,0,0.973,0,0,0.976,0.788,0
18.72455,0,0.973,0,0,0.976,0.788,0
18.73458,0,0.973,0,0,0.983,0.788,0
18.74304,0,0.973,0,0,0.983,0.788,0
18.75228,0,0.973,0,0,0.983,0.788,0
18.76127,0,0.973,0,0,0.983,0.788,0
18.77039,0,0.973,0,0,0.983,0.788,0
18.77878,0,0.973,0,0,0.983,0.788,0
18.78684,0,0.973,0,0,0.983,0.788,0
18.79725,0,0.973,0,0,0.983,0.788,0
18.80472,0,0.973,0,0,0.983,0.788,0
18.819,0,0.973,0,0,0.983,0.788,0
18.82854,0,0.973,0,0,0.983,0.788,0
18.83708,0,0.973,0,0,0.985,0.788,0
18.84686,0,0.973,0,0,0.985,0.788,0
18.85607,0,0.973,0,0,0.985,0.786,0
18.86483,0,0.973,0,0,0.985,0.786,0
18.87425,0,0.973,0,0,0.985,0.786,0
18.88361,0,0.973,0,0,0.985,0.786,0
18.89607,0,0.973,0,0,0.985,0.786,0
18.90653,0,0.973,0,0,0.985,0.786,0
18.91667,0,0.973,0,0,0.985,0.786,0
18.92535,0,0.973,0,0,0.985,0.786,0
18.93375,0,0.973,0,0,0.985,0.786,0
18.94235,0,0.973,0,0,0.985,0.786,0
18.95612,0,0.973,0,0,0.985,0.786,0
18.96481,0,0.973,0,0,0.985,0.786,0
18.97395,0,0.973,0,0,0.985,0.786,0
18.98487,0,0.973,0,0,0.985,0.786,0
18.99467,0,0.973,0,0,0.985,0.786,0
19.00325,0,0.973,0,0,0.985,0.786,0
19.01282,0,0.973,0,0,0.985,0.786,0
19.02233,0,0.973,0,0,0.985,0.786,0
19.03243,0,0.973,0,0,0.985,0.786,0
19.04149,0,0.973,0,0,0.985,0.786,0
19.04972,0,0.973,0,0,0.985,0.786,0
19.05958,0,0.973,0,0,0.985,0.786,0
19.06835,0,0.973,0,0,0.985,0.786,0
19.07696,0,0.973,0,0,0.985,0.786,0
19.08659,0,0.973,0,0,0.985,0.786,0
19.1039,0,0.973,0,0,0.985,0.786,0
19.11231,0,0.973,0,0,0.985,0.786,0
19.12043,0,0.973,0,0,0.985,0.786,0
19.13114,0,0.973,0,0,0.985,0.786,0
19.14225,0,0.973,0,0,0.985,0.786,0
19.1507,0,0.973,0,0,0.985,0.786,0
19.16075,0,0.973,0,0,0.985,0.786,0
19.16965,0,0.973,0,0,0.985,0.786,0
19.17845,0,0.973,0,0,0.985,0.786,0
19.18715,0,0.973,0,0,0.985,0.786,0
19.19629,0,0.973,0,0,0.985,0.786,0
19.205,0,0.973,0,0,0.985,0.786,0
19.21428,0,0.973,0,0,0.985,0.786,0
19.22281,0,0.973,0,0,0.985,0.786,0
19.23797,0,0.973,0,0,0.985,0.786,0
19.24826,0,0.973,0,0,0.985,0.786,0
19.25735,0,0.973,0,0,0.985,0.786,0
19.26639,0,0.973,0,0,0.985,0.786,0
19.27466,0,0.973,0,0,0.985,0.786,0
19.28302,0,0.973,0,0,0.985,0.786,0
19.29568,0,0.973,0,0,0.985,0.786,0
19.30356,0,0.973,0,0,0.985,0.786,0
19.31242,0,0.973,0,0,0.985,0.786,0
19.32122,0,0.973,0,0,0.985,0.786,0
19.33065,0,0.973,0,0,0.985,0.786,0
19.34278,0,0.973,0,0,0.969,0.786,0
19.35095,0,0.973,0,0,0.972,0.786,0
19.35951,0,0.973,0,0,0.973,0.786,0
19.3739,0,0.973,0,0,0.969,0.786,0
19.38369,0,0.973,0,0,0.969,0.786,0
19.39489,0,0.973,0,0,0.969,0.786,0
19.40342,0,0.973,0,0,0.969,0.786,0
19.41496,0,0.973,0,0,0.988,0.786,0
19.4234,0,0.973,0,0,0.988,0.786,0
19.43265,0,0.973,0,0,0.969,0.786,0
19.44082,0,0.973,0,0,0.969,0.786,0
19.44905,0,0.973,0,0,0.982,0.786,0
19.45774,0,0.973,0,0,0.982,0.786,0
19.46692,0,0.973,0,0,0.985,0.786,0
19.47619,0,0.973,0,0,0.985,0.786,0
19.4851,0,0.973,0,0,0.978,0.786,0
19.4947,0,0.973,0,0,0.978,0.786,0
19.51205,0,0.973,0,0,0.979,0.786,0
19.5221,0,0.973,0,0,0.98,0.786,0
19.52982,0,0.973,0,0,0.983,0.786,0
19.54029,0,0.973,0,0,0.969,0.786,0
19.54886,0,0.973,0,0,0.969,0.786,0
19.55713,0,0.973,0,0,0.969,0.786,0
19.56448,0,0.973,0,0,0.969,0.786,0
19.57434,0,0.973,0,0,0.969,0.786,0
19.58299,0,0.973,0,0,0.969,0.786,0
19.59378,0,0.973,0,0,0.969,0.786,0
19.60403,0,0.973,0,0,0.969,0.786,0
19.61319,0,0.973,0,0,0.969,0.786,0
19.6209,0,0.973,0,0,0.969,0.786,0
19.62981,0,0.973,0,0,0.969,0.786,0
19.63974,0,0.973,0,0,0.969,0.786,0
19.64941,0,0.973,0,0,0.969,0.786,0
19.66428,0,0.973,0,0,0.969,0.786,0
19.67444,0,0.973,0,0,0.969,0.786,0
19.68292,0,0.973,0,0,0.969,0.786,0
19.69428,0,0.973,0,0,0.969,0.786,0
19.70447,0,0.973,0,0,0.987,0.786,0
19.71373,0,0.973,0,0,0.986,0.786,0
19.72287,0,0.973,0,0,0.986,0.786,0
19.73328,0,0.973,0,0,0.985,0.786,0
19.7436,0,0.973,0,0,0.984,0.786,0
19.75288,0,0.973,0,0,0.984,0.786,0
19.76226,0,0.973,0,0,0.983,0.786,0
19.77071,0,0.973,0,0,0.982,0.786,0
19.7806,0,0.973,0,0,0.981,0.786,0
19.78929,0,0.972,0,0,0.969,0.786,0
19.80594,0,0.972,0,0,0.969,0.787,0
19.81467,0,0.972,0,0,0.979,0.787,0
19.82387,0,0.972,0,0,0.98,0.787,0
19.83351,0,0.972,0,0,0.979,0.787,0
19.84318,0,0.972,0,0,0.975,0.787,0
19.85714,0,0.972,0,0,0.975,0.787,0
19.87085,0,0.972,0,0,0.972,0.787,0
19.87997,0,0.972,0,0,0.971,0.787,0
19.88919,0,0.972,0,0,0.971,0.787,0
19.90047,0,0.972,0,0,0.969,0.787,0
19.91379,0,0.972,0,0,0.969,0.787,0
19.92576,0,0.972,0,0,0.977,0.787,0
19.93546,0,0.972,0,0,0.976,0.787,0

