index,closing_door,left_step,opening_door,right_step,saluting,sitting_down,standing_up
0,0.778,0.931,0.952,0.718,0.996,0.409,0
1,0.778,0.914,0.914,0.786,0.996,0.409,0
2,0.835,0.882,0.936,0.76,0.996,0.409,0
3,0.825,0.862,0.936,0.835,0.996,0.409,0
4,0.869,0.86,0.936,0.811,0.996,0.409,0
5,0.785,0.871,0.936,0.879,0.996,0.409,0
6,0.799,0.852,0.936,0.862,0.996,0.409,0
7,0.81,0.852,0.936,0.845,0.996,0.409,0
8,0.834,0.854,0.936,0.816,0.996,0.409,0
9,0.857,0.864,0.936,0.829,0.996,0.409,0
10,0.778,0.884,0.936,0.878,0.996,0.409,0
11,0.788,0.852,0.936,0.903,0.996,0.409,0
12,0.801,0.853,0.936,0.925,0.996,0.409,0
13,0.808,0.863,0.936,0.931,0.996,0.409,0
14,0.825,0.87,0.936,0.928,0.996,0.409,0
15,0.849,0.877,0.936,0.928,0.996,0.409,0
16,0.778,0.884,0.936,0.887,0.996,0.409,0
17,0.778,0.852,0.936,0.911,0.996,0.409,0
18,0.778,0.852,0.936,0.925,0.996,0.409,0
19,0.804,0.883,0.96,0.923,0.967,0.409,0
20,0.849,0.873,0.96,0.92,0.967,0.409,0
21,0.766,0.892,0.96,0.88,0.967,0.4,0
22,0.766,0.855,0.96,0.908,0.967,0.4,0
23,0.766,0.866,0.96,0.923,0.94,0.4,0
24,0.803,0.873,0.96,0.929,0.94,0.387,0
25,0.752,0.889,0.96,0.934,0.94,0.387,0
26,0.733,0.85,0.96,0.935,0.94,0.387,0
27,0.733,0.84,0.96,0.938,0.94,0.387,0
28,0.734,0.84,0.96,0.93,0.94,0.387,0
29,0.733,0.84,0.96,0.953,0.94,0.397,0
30,0.733,0.84,0.96,0.952,0.94,0.397,0
31,0.733,0.84,0.96,0.953,0.94,0.397,0
32,0.733,0.84,0.96,0.955,0.94,0.397,0
33,0.733,0.84,0.96,0.964,0.94,0.397,0
34,0.733,0.84,0.96,0.955,0.94,0.397,0
35,0.733,0.84,0.96,0.937,0.94,0.397,0
36,0.733,0.84,0.96,0.934,0.94,0.397,0
37,0.733,0.84,0.96,0.932,0.94,0.397,0
38,0.733,0.84,0.96,0.913,0.94,0.397,0
39,0.747,0.84,0.96,0.918,0.94,0.397,0
40,0.733,0.84,0.96,0.929,0.94,0.397,0
41,0.728,0.84,0.96,0.942,0.94,0.397,0
42,0.727,0.84,0.96,0.871,0.927,0.397,0
43,0.727,0.84,0.96,0.918,0.927,0.397,0
44,0.727,0.84,0.96,0.92,0.927,0.397,0
45,0.772,0.824,0.96,0.92,0.927,0.397,0
46,0.727,0.954,0.96,0.883,0.927,0.397,0
47,0.681,0.954,0.96,0.782,0.926,0.397,0
48,0.694,0.954,0.96,0.811,0.926,0.397,0
49,0.81,0.996,0.96,0.839,0.926,0.397,0
50,0.732,0.996,0.96,0.848,0.926,0.397,0
51,0.75,0.996,0.96,0.762,0.926,0.397,0
52,0.766,0.996,0.96,0.798,0.941,0.397,0
53,0.794,0.996,0.96,0.826,0.941,0.397,0
54,0.818,0.996,0.96,0.864,0.941,0.395,0
55,0.737,0.996,0.96,0.883,0.941,0.395,0
56,0.754,0.996,0.96,0.761,0.941,0.395,0
57,0.777,0.996,0.96,0.81,0.941,0.395,0
58,0.795,0.996,0.96,0.853,0.941,0.395,0
59,0.82,0.996,0.96,0.876,0.941,0.391,0
60,0.739,0.996,0.96,0.896,0.941,0.391,0
61,0.759,0.996,0.96,0.913,0.941,0.391,0
62,0.775,0.996,0.96,0.832,0.941,0.391,0
63,0.804,0.996,0.96,0.862,0.941,0.391,0
64,0.801,0.996,0.96,0.887,0.941,0.391,0
65,0.734,0.996,0.909,0.911,0.941,0.388,0
66,0.743,0.996,0.909,0.908,0.941,0.388,0
67,0.773,0.996,0.909,0.783,0.941,0.388,0
68,0.781,0.996,0.909,0.812,0.941,0.388,0
69,0.796,0.996,0.909,0.835,0.941,0.388,0
70,0.82,0.996,0.909,0.872,0.941,0.388,0
71,0.703,0.996,0.909,0.845,0.941,0.388,0
72,0.703,0.996,0.909,0.833,0.944,0.388,0
73,0.703,0.996,0.909,0.761,0.944,0.388,0
74,0.8,0.987,0.909,0.78,0.944,0.388,0
75,0.824,0.988,0.909,0.797,0.944,0.388,0
76,0.743,0.988,0.909,0.769,0.944,0.388,0
77,0.758,0.989,0.909,0.758,0.949,0.388,0
78,0.772,0.984,0.909,0.754,0.949,0.388,0
79,0.781,0.985,0.909,0.735,0.949,0.388,0
80,0.799,0.989,0.909,0.741,0.949,0.388,0
81,0.732,0.997,0.909,0.737,0.949,0.388,0
82,0.743,0.996,0.909,0.737,0.949,0.388,0
83,0.759,0.995,0.909,0.743,0.954,0.388,0
84,0.773,0.994,0.909,0.753,0.954,0.388,0
85,0.781,0.993,0.909,0.722,0.954,0.388,0
86,0.799,0.983,0.909,0.761,0.954,0.388,0
87,0.823,0.98,0.909,0.771,0.954,0.388,0
88,0.71,0.98,0.909,0.776,0.954,0.388,0
89,0.71,0.98,0.909,0.784,0.954,0.388,0
90,0.71,0.979,0.909,0.795,0.954,0.388,0
91,0.712,0.988,0.909,0.798,0.954,0.388,0
92,0.712,0.939,0.909,0.779,0.954,0.388,0
93,0.804,0.944,0.838,0.815,0.954,0.388,0
94,0.712,0.943,0.838,0.822,0.954,0.388,0
95,0.712,0.926,0.838,0.86,0.954,0.388,0
96,0.712,0.926,0.838,0.87,0.954,0.382,0
97,0.712,0.857,0.903,0.885,0.954,0.382,0
98,0.718,0.855,0.903,0.868,0.954,0.382,0
99,0.835,0.865,0.903,0.89,0.954,0.382,0
100,0.718,0.869,0.903,0.917,0.954,0.382,0
101,0.718,0.869,0.903,0.917,0.954,0.382,0
102,0.727,0.822,0.903,0.919,0.954,0.375,0
103,0.842,0.831,0.903,0.923,0.954,0.375,0
104,0.75,0.839,0.903,0.928,0.954,0.375,0
105,0.76,0.846,0.903,0.925,0.954,0.375,0
106,0.776,0.852,0.903,0.925,0.954,0.375,0
107,0.79,0.858,0.903,0.928,0.954,0.375,0
108,0.799,0.8,0.903,0.932,0.954,0.375,0
109,0.816,0.805,0.903,0.939,0.954,0.375,0
110,0.84,0.812,0.903,0.943,0.95,0.375,0
111,0.775,0.82,0.903,0.928,0.95,0.375,0
112,0.788,0.828,0.903,0.917,0.95,0.375,0
113,0.794,0.785,0.903,0.971,0.95,0.375,0
114,0.834,0.785,0.903,0.969,0.95,0.385,0
115,0.727,0.785,0.903,0.97,0.95,0.385,0
116,0.727,0.785,0.903,0.972,0.941,0.385,0
117,0.727,0.785,0.903,0.961,0.941,0.385,0
118,0.789,0.785,0.903,0.956,0.948,0.385,0
119,0.807,0.785,0.903,0.972,0.948,0.385,0
120,0.832,0.785,0.903,0.984,0.948,0.385,0
121,0.727,0.777,0.903,0.981,0.948,0.391,0
122,0.727,0.777,0.903,0.983,0.948,0.391,0
123,0.727,0.777,0.903,0.991,0.948,0.391,0
124,0.727,0.777,0.903,0.994,0.948,0.391,0
125,0.727,0.777,0.903,0.991,0.956,0.391,0
126,0.832,0.777,0.903,0.981,0.956,0.391,0
127,0.727,0.777,0.903,0.991,0.956,0.394,0
128,0.727,0.777,0.903,0.98,0.956,0.394,0
129,0.727,0.759,0.903,0.968,0.956,0.394,0
130,0.727,0.759,0.903,0.977,0.956,0.394,0
131,0.811,0.789,0.903,0.968,0.96,0.394,0
132,0.835,0.771,0.903,0.949,0.96,0.394,0
133,0.727,0.805,0.903,0.951,0.96,0.394,0
134,0.725,0.838,0.903,0.959,0.96,0.394,0
135,0.725,0.837,0.903,0.969,0.96,0.394,0
136,0.725,0.83,0.903,0.978,0.96,0.394,0
137,0.725,0.827,0.901,0.912,0.96,0.394,0
138,0.725,0.83,0.901,0.935,0.96,0.394,0
139,0.725,0.83,0.901,0.962,0.96,0.394,0
140,0.722,0.835,0.901,0.96,0.96,0.394,0
141,0.722,0.882,0.901,0.957,0.96,0.394,0
142,0.722,0.873,0.901,0.96,0.96,0.394,0
143,0.722,0.864,0.901,0.929,0.96,0.394,0
144,0.722,0.847,0.901,0.952,0.96,0.394,0
145,0.722,0.843,0.902,0.95,0.96,0.394,0
146,0.722,0.891,0.902,0.944,0.96,0.394,0
147,0.722,0.876,0.902,0.949,0.96,0.394,0
148,0.729,0.869,0.902,0.884,0.96,0.394,0
149,0.729,0.869,0.902,0.912,0.96,0.394,0
150,0.847,0.869,0.902,0.936,0.96,0.394,0
151,0.729,0.895,0.902,0.941,0.96,0.394,0
152,0.729,0.888,0.913,0.938,0.96,0.394,0
153,0.805,0.872,0.913,0.944,0.96,0.394,0
154,0.823,0.867,0.913,0.882,0.96,0.394,0
155,0.847,0.873,0.913,0.911,0.96,0.394,0
156,0.732,0.851,0.913,0.939,0.96,0.394,0
157,0.732,0.852,0.913,0.941,0.96,0.394,0
158,0.732,0.877,0.913,0.939,0.96,0.394,0
159,0.804,0.87,0.913,0.939,0.96,0.394,0
160,0.822,0.872,0.913,0.884,0.96,0.389,0
161,0.733,0.854,0.913,0.909,0.96,0.389,0
162,0.733,0.856,0.913,0.932,0.96,0.389,0
163,0.797,0.861,0.913,0.929,0.95,0.389,0
164,0.806,0.865,0.913,0.928,0.95,0.389,0
165,0.824,0.871,0.913,0.876,0.95,0.382,0
166,0.733,0.894,0.913,0.904,0.95,0.382,0
167,0.733,0.889,0.913,0.92,0.95,0.382,0
168,0.733,0.884,0.913,0.915,0.948,0.382,0
169,0.801,0.883,0.913,0.912,0.948,0.382,0
170,0.819,0.893,0.913,0.911,0.948,0.382,0
171,0.84,0.878,0.913,0.882,0.948,0.38,0
172,0.733,0.878,0.913,0.885,0.948,0.387,0
173,0.733,0.913,0.913,0.863,0.948,0.387,0
174,0.733,0.913,0.913,0.864,0.945,0.387,0
175,0.733,0.913,0.913,0.858,0.945,0.387,0
176,0.791,0.914,0.913,0.801,0.946,0.387,0
177,0.832,0.936,0.913,0.822,0.946,0.387,0
178,0.733,0.959,0.913,0.793,0.946,0.387,0
179,0.733,0.975,0.913,0.78,0.946,0.387,0
180,0.78,0.99,0.913,0.771,0.946,0.387,0
181,0.788,0.981,0.913,0.767,0.946,0.387,0
182,0.806,0.97,0.913,0.767,0.946,0.387,0
183,0.83,0.977,0.913,0.761,0.946,0.387,0
184,0.733,0.982,0.913,0.761,0.946,0.387,0
185,0.778,0.979,0.913,0.766,0.946,0.387,0
186,0.786,0.989,0.913,0.782,0.946,0.387,0
187,0.829,0.93,0.913,0.81,0.946,0.387,0
188,0.732,0.917,0.913,0.817,0.946,0.387,0
189,0.732,0.923,0.913,0.836,0.946,0.387,0
190,0.732,0.908,0.913,0.851,0.946,0.387,0
191,0.791,0.906,0.913,0.869,0.946,0.387,0
192,0.812,0.856,0.913,0.869,0.946,0.387,0
193,0.838,0.851,0.913,0.901,0.946,0.387,0
194,0.726,0.848,0.902,0.919,0.946,0.387,0
195,0.791,0.839,0.902,0.911,0.946,0.387,0
196,0.801,0.85,0.902,0.901,0.946,0.385,0
197,0.821,0.853,0.902,0.909,0.946,0.385,0
198,0.729,0.805,0.902,0.908,0.946,0.385,0
199,0.729,0.829,0.902,0.911,0.946,0.385,0
200,0.729,0.831,0.902,0.916,0.946,0.385,0
201,0.796,0.843,0.902,0.922,0.946,0.373,0
202,0.829,0.85,0.902,0.907,0.946,0.373,0
203,0.851,0.804,0.902,0.922,0.946,0.373,0
204,0.733,0.816,0.902,0.913,0.946,0.373,0
205,0.733,0.82,0.902,0.914,0.946,0.373,0
206,0.733,0.833,0.902,0.913,0.946,0.373,0
207,0.801,0.851,0.902,0.919,0.946,0.373,0
208,0.818,0.814,0.902,0.902,0.946,0.373,0
209,0.841,0.83,0.902,0.925,0.946,0.373,0
210,0.733,0.827,0.902,0.916,0.939,0.373,0
211,0.789,0.823,0.902,0.92,0.939,0.373,0
212,0.797,0.807,0.902,0.926,0.939,0.368,0
213,0.815,0.803,0.902,0.925,0.939,0.368,0
214,0.838,0.771,0.902,0.917,0.939,0.368,0
215,0.733,0.771,0.9,0.947,0.938,0.389,0
216,0.733,0.771,0.9,0.941,0.938,0.389,0
217,0.733,0.771,0.9,0.934,0.943,0.389,0
218,0.795,0.771,0.9,0.932,0.943,0.389,0
219,0.812,0.771,0.9,0.936,0.943,0.389,0
220,0.836,0.765,0.9,0.94,0.943,0.389,0
221,0.733,0.765,0.9,0.938,0.943,0.389,0
222,0.733,0.765,0.9,0.936,0.943,0.389,0
223,0.783,0.765,0.9,0.956,0.943,0.389,0
224,0.792,0.765,0.9,0.975,0.949,0.389,0
225,0.83,0.765,0.874,0.97,0.949,0.389,0
226,0.728,0.758,0.893,0.951,0.949,0.389,0
227,0.728,0.758,0.893,0.966,0.949,0.403,0
228,0.728,0.782,0.893,0.964,0.95,0.403,0
229,0.789,0.758,0.893,0.973,0.95,0.403,0
230,0.808,0.782,0.893,0.963,0.95,0.403,0
231,0.728,0.831,0.893,0.982,0.95,0.403,0
232,0.724,0.838,0.895,0.98,0.95,0.403,0
233,0.724,0.807,0.895,0.977,0.95,0.403,0
234,0.783,0.837,0.895,0.966,0.95,0.403,0
235,0.793,0.837,0.895,0.96,0.95,0.403,0
236,0.812,0.837,0.895,0.751,0.95,0.403,0
237,0.837,0.837,0.895,0.796,0.95,0.403,0
238,0.724,0.837,0.908,0.74,0.95,0.403,0
239,0.725,0.837,0.908,0.717,0.95,0.403,0
240,0.725,0.837,0.908,0.712,0.95,0.403,0
241,0.797,0.97,0.908,0.697,0.95,0.403,0
242,0.815,0.97,0.908,0.687,0.95,0.403,0
243,0.839,0.97,0.921,0.701,0.95,0.403,0
244,0.725,0.97,0.921,0.717,0.95,0.403,0
245,0.725,0.97,0.921,0.739,0.95,0.403,0
246,0.725,0.97,0.921,0.753,0.95,0.403,0
247,0.725,0.97,0.921,0.769,0.95,0.403,0
248,0.797,0.97,0.921,0.783,0.95,0.403,0
249,0.815,0.97,0.921,0.588,0.95,0.403,0
250,0.839,0.97,0.921,0.583,0.95,0.403,0
251,0.725,0.97,0.921,0.653,0.95,0.403,0
252,0.787,0.97,0.921,0.643,0.95,0.403,0
253,0.799,0.97,0.921,0.636,0.95,0.403,0
254,0.8,0.97,0.921,0.629,0.95,0.403,0
255,0.817,0.975,0.921,0.635,0.95,0.394,0
256,0.842,0.975,0.921,0.613,0.948,0.394,0
257,0.727,0.975,0.921,0.689,0.948,0.394,0
258,0.727,0.975,0.921,0.67,0.948,0.394,0
259,0.727,0.975,0.921,0.666,0.948,0.394,0
260,0.727,0.975,0.921,0.678,0.948,0.394,0
261,0.727,0.975,0.921,0.687,0.948,0.394,0
262,0.727,0.975,0.921,0.719,0.948,0.394,0
263,0.727,0.975,0.921,0.764,0.944,0.394,0
264,0.727,0.975,0.921,0.788,0.944,0.394,0
265,0.727,0.975,0.921,0.813,0.944,0.394,0
266,0.815,0.975,0.921,0.821,0.944,0.394,0
267,0.839,0.975,0.921,0.827,0.944,0.394,0
268,0.727,0.975,0.921,0.821,0.944,0.394,0
269,0.727,0.975,0.921,0.747,0.942,0.394,0
270,0.789,0.975,0.921,0.757,0.942,0.394,0
271,0.798,0.975,0.921,0.746,0.942,0.394,0
272,0.807,0.975,0.921,0.746,0.946,0.394,0
273,0.831,0.975,0.915,0.74,0.946,0.394,0
274,0.727,0.975,0.915,0.74,0.946,0.394,0
275,0.727,0.975,0.915,0.686,0.946,0.394,0
276,0.727,0.975,0.915,0.713,0.946,0.394,0
277,0.727,0.975,0.915,0.72,0.946,0.394,0
278,0.807,0.975,0.915,0.741,0.946,0.394,0
279,0.832,0.975,0.915,0.744,0.95,0.394,0
280,0.727,0.975,0.914,0.754,0.95,0.383,0
281,0.727,0.975,0.914,0,0.95,0.383,0
282,0.781,0.975,0.914,0,0.95,0.383,0
283,0.781,0.975,0.914,0.689,0.95,0.383,0
284,0.789,0.941,0.914,0.681,0.95,0.383,0
285,0.807,0.938,0.906,0.673,0.95,0.383,0
286,0.727,0.921,0.906,0.668,0.95,0.383,0
287,0.727,0.911,0.906,0.664,0.95,0.383,0
288,0.727,0.911,0.906,0.663,0.95,0.383,0
289,0.725,0.911,0.906,0.662,0.95,0.383,0
290,0.725,0.938,0.906,0.75,0.95,0.383,0
291,0.789,0.923,0.906,0.742,0.95,0.383,0
292,0.808,0.908,0.865,0.733,0.95,0.381,0
293,0.832,0.889,0.865,0.726,0.95,0.385,0
294,0.725,0.874,0.865,0.719,0.95,0.385,0
295,0.717,0.864,0.901,0.714,0.95,0.385,0
296,0.717,0.859,0.901,0.789,0.95,0.385,0
297,0.786,0.898,0.901,0.777,0.95,0.385,0
298,0.804,0.886,0.901,0.75,0.95,0.385,0
299,0.83,0.866,0.901,0.757,0.95,0.385,0
300,0.717,0.866,0.901,0.786,0.95,0.385,0
301,0.717,0.866,0.914,0.817,0.95,0.385,0
302,0.779,0.907,0.914,0.847,0.95,0.385,0
303,0.786,0.896,0.914,0.873,0.95,0.385,0
304,0.804,0.885,0.914,0.883,0.95,0.385,0
305,0.829,0.874,0.914,0.885,0.95,0.385,0
306,0.717,0.866,0.914,0.896,0.95,0.385,0
307,0.717,0.866,0.914,0.835,0.95,0.385,0
308,0.717,0.866,0.914,0.869,0.947,0.385,0
309,0.786,0.9,0.914,0.899,0.947,0.385,0
310,0.829,0.893,0.914,0.911,0.947,0.385,0
311,0.717,0.886,0.914,0.916,0.947,0.389,0
312,0.717,0.878,0.914,0.925,0.95,0.389,0
313,0.778,0.909,0.914,0.901,0.95,0.389,0
314,0.787,0.902,0.914,0.929,0.95,0.389,0
315,0.805,0.896,0.914,0.928,0.95,0.389,0
316,0.827,0.888,0.914,0.926,0.95,0.389,0
317,0.717,0.871,0.914,0.927,0.966,0.395,0
318,0.717,0.869,0.914,0.884,0.966,0.395,0
319,0.775,0.906,0.914,0.914,0.966,0.395,0
320,0.806,0.889,0.914,0.931,0.966,0.395,0
321,0.831,0.879,0.914,0.919,0.966,0.395,0
322,0.716,0.869,0.914,0.919,0.966,0.4,0
323,0.723,0.869,0.914,0.921,0.982,0.4,0
324,0.723,0.869,0.914,0.91,0.982,0.4,0
325,0.723,0.896,0.914,0.92,0.982,0.4,0
326,0.799,0.877,0.914,0.914,0.982,0.4,0
327,0.842,0.869,0.912,0.911,0.982,0.4,0
328,0.729,0.869,0.912,0.919,0.995,0.4,0
329,0.729,0.869,0.912,0.881,0.995,0.4,0
330,0.793,0.869,0.912,0.898,0.995,0.4,0
331,0.802,0.869,0.912,0.907,0.995,0.4,0
332,0.821,0.869,0.912,0.914,0.995,0.4,0
333,0.846,0.869,0.922,0.919,0.995,0.4,0
334,0.729,0.869,0.922,0.925,0.995,0.4,0
335,0.729,0.891,0.922,0.834,0.995,0.405,0
336,0.733,0.896,0.922,0.858,0.995,0.405,0
337,0.733,0.891,0.922,0.875,0.995,0.405,0
338,0.825,0.891,0.922,0.894,0.995,0.405,0
339,0.845,0.891,0.922,0.905,0.995,0.405,0
340,0.839,0.891,0.922,0.906,0.995,0.405,0
341,0.733,0.913,0.922,0.818,0.995,0.405,0
342,0.733,0.901,0.922,0.832,0.995,0.405,0
343,0.808,0.891,0.922,0.867,0.995,0.405,0
344,0.827,0.891,0.922,0.873,0.995,0.405,0
345,0.85,0.891,0.922,0.877,0.995,0.405,0
346,0.737,0.926,0.922,0.757,0.995,0.405,0
347,0.737,0.914,0.922,0.779,0.995,0.405,0
348,0.805,0.9,0.922,0.804,0.995,0.405,0
349,0.814,0.891,0.922,0.849,0.995,0.405,0
350,0.831,0.891,0.922,0.867,0.995,0.405,0
351,0.855,0.891,0.922,0.88,0.995,0.405,0
352,0.74,0.891,0.922,0.769,0.995,0.405,0
353,0.74,0.905,0.922,0.8,0.995,0.405,0
354,0.803,0.891,0.922,0.836,0.995,0.405,0
355,0.812,0.891,0.922,0.864,0.995,0.405,0
356,0.811,0.891,0.922,0.888,0.995,0.405,0
357,0.854,0.891,0.922,0.906,0.995,0.405,0
358,0.854,0.891,0.922,0.924,0.995,0.405,0
359,0.74,0.891,0.922,0.846,0.995,0.405,0
360,0.74,0.891,0.922,0.888,0.995,0.405,0
361,0.74,0.891,0.922,0.915,0.995,0.405,0
362,0.814,0.891,0.921,0.935,0.995,0.405,0
363,0.832,0.891,0.928,0.949,0.995,0.405,0
364,0.858,0.884,0.928,0.956,0.995,0.405,0
365,0.743,0.884,0.928,0.863,0.995,0.405,0
366,0.743,0.896,0.928,0.885,0.995,0.405,0
367,0.743,0.896,0.928,0.902,0.995,0.405,0
368,0.809,0.896,0.928,0.905,0.995,0.405,0
369,0.835,0.896,0.928,0.913,0.995,0.405,0
370,0.745,0.896,0.928,0.824,0.995,0.405,0
371,0.745,0.938,0.928,0.849,0.995,0.405,0
372,0.745,0.938,0.928,0.886,0.995,0.405,0
373,0.746,0.938,0.928,0.896,0.995,0.404,0
374,0.818,0.938,0.928,0.895,0.995,0.404,0
375,0.837,0.938,0.928,0.771,0.995,0.404,0
376,0.746,0.97,0.928,0.823,0.995,0.404,0
377,0.746,0.97,0.928,0.845,0.995,0.404,0
378,0.746,0.97,0.929,0.859,0.995,0.404,0
379,0.746,0.97,0.929,0.869,0.995,0.404,0
380,0.746,0.97,0.929,0.875,0.993,0.404,0
381,0.861,0.97,0.929,0.783,0.993,0.404,0
382,0.746,0.979,0.929,0.807,0.993,0.404,0
383,0.746,0.979,0.929,0.827,0.993,0.404,0
384,0.746,0.979,0.932,0.842,0.993,0.404,0
385,0.811,0.979,0.932,0.854,0.991,0.404,0
386,0.837,0.979,0.932,0.78,0.991,0.404,0
387,0.862,0.979,0.932,0.814,0.991,0.404,0
388,0.747,0.979,0.932,0.841,0.991,0.404,0
389,0.747,0.979,0.932,0.861,0.991,0.404,0
390,0.752,0.979,0.932,0.89,0.991,0.396,0
391,0.823,0.979,0.932,0.781,0.991,0.396,0
392,0.833,0.979,0.932,0.823,0.991,0.396,0
393,0.857,0.979,0.932,0.853,0.991,0.396,0
394,0.752,0.979,0.932,0.89,0.991,0.396,0
395,0.752,0.979,0.932,0.879,0.991,0.396,0
396,0.752,0.979,0.932,0.872,0.991,0.396,0
397,0.835,0.979,0.932,0.81,0.991,0.399,0
398,0.86,0.979,0.932,0.815,0.991,0.399,0
399,0.752,0.979,0.932,0.817,0.991,0.399,0
400,0.752,0.979,0.932,0.8,0.991,0.399,0
401,0.752,0.979,0.932,0.792,0.991,0.399,0
402,0.817,0.979,0.932,0.756,0.991,0.399,0
403,0.838,0.979,0.932,0.769,0.991,0.399,0
404,0.863,0.979,0.932,0.749,0.991,0.399,0
405,0.752,0.979,0.932,0.742,0.991,0.399,0
406,0.752,0.979,0.932,0.74,0.991,0.399,0
407,0.807,0.979,0.932,0.746,0.991,0.399,0
408,0.816,0.958,0.932,0.755,0.991,0.399,0
409,0.834,0.959,0.929,0.751,0.991,0.399,0
410,0.857,0.97,0.929,0.751,0.991,0.399,0
411,0.752,0.957,0.929,0.755,0.991,0.399,0
412,0.752,0.957,0.929,0.763,0.988,0.399,0
413,0.752,0.957,0.929,0.773,0.988,0.399,0
414,0.752,0.96,0.929,0.791,0.988,0.399,0
415,0.857,0.947,0.929,0.792,0.988,0.399,0
416,0.744,0.934,0.921,0.792,0.988,0.399,0
417,0.744,0.922,0.921,0.807,0.988,0.399,0
418,0.744,0.935,0.921,0.819,0.988,0.399,0
419,0.815,0.917,0.921,0.819,0.988,0.399,0
420,0.857,0.904,0.902,0.839,0.988,0.399,0
421,0.744,0.906,0.902,0.843,0.988,0.399,0
422,0.744,0.874,0.902,0.849,0.988,0.389,0
423,0.805,0.874,0.902,0.858,0.988,0.389,0
424,0.813,0.887,0.932,0.87,0.988,0.389,0
425,0.856,0.877,0.932,0.889,0.988,0.389,0
426,0.743,0.89,0.932,0.889,0.988,0.389,0
427,0.744,0.892,0.932,0.888,0.988,0.389,0
428,0.744,0.847,0.932,0.894,0.988,0.389,0
429,0.816,0.858,0.932,0.902,0.988,0.389,0
430,0.859,0.852,0.932,0.918,0.988,0.389,0
431,0.744,0.867,0.932,0.914,0.988,0.389,0
432,0.744,0.868,0.932,0.912,0.988,0.389,0
433,0.808,0.819,0.932,0.911,0.988,0.389,0
434,0.817,0.831,0.932,0.913,0.988,0.378,0
435,0.859,0.827,0.932,0.927,0.988,0.378,0
436,0.744,0.835,0.932,0.922,0.988,0.378,0
437,0.744,0.855,0.932,0.908,0.988,0.378,0
438,0.817,0.819,0.932,0.903,0.988,0.378,0
439,0.835,0.821,0.932,0.91,0.988,0.378,0
440,0.86,0.819,0.932,0.929,0.988,0.378,0
441,0.745,0.819,0.932,0.927,0.988,0.378,0
442,0.745,0.819,0.932,0.925,0.988,0.378,0
443,0.746,0.823,0.932,0.924,0.988,0.378,0
444,0.746,0.819,0.932,0.921,0.988,0.375,0
445,0.835,0.819,0.932,0.918,0.988,0.38,0
446,0.859,0.819,0.932,0.935,0.988,0.38,0
447,0.859,0.819,0.932,0.933,0.988,0.38,0
448,0.746,0.812,0.932,0.963,0.989,0.38,0
449,0.809,0.81,0.932,0.957,0.989,0.38,0
450,0.817,0.803,0.917,0.938,0.989,0.38,0
451,0.836,0.803,0.917,0.949,0.989,0.387,0
452,0.861,0.803,0.917,0.947,0.989,0.387,0
453,0.746,0.803,0.917,0.952,0.989,0.387,0
454,0.746,0.77,0.917,0.955,0.99,0.387,0
455,0.746,0.77,0.917,0.959,0.99,0.387,0
456,0.748,0.77,0.916,0.972,0.99,0.387,0
457,0.748,0.77,0.916,0.965,0.99,0.394,0
458,0.862,0.77,0.916,0.973,0.99,0.394,0
459,0.748,0.755,0.916,0.978,0.99,0.394,0
460,0.748,0.755,0.916,0.962,0.99,0.394,0
461,0.748,0.755,0.916,0.941,0.99,0.394,0
462,0.818,0.755,0.916,0.939,0.99,0.399,0
463,0.838,0.755,0.916,0.94,0.99,0.399,0
464,0.838,0.755,0.916,0.941,0.99,0.399,0
465,0.862,0.755,0.916,0.946,0.99,0.399,0
466,0.748,0.723,0.916,0.952,0.99,0.399,0
467,0.748,0.723,0.916,0.957,0.99,0.399,0
468,0.748,0.723,0.916,0.976,0.99,0.399,0
469,0.838,0.723,0.916,0.965,0.99,0.4,0
470,0.863,0.723,0.916,0.975,0.99,0.4,0
471,0.748,0.738,0.916,0.943,0.99,0.4,0
472,0.748,0.782,0.916,0.95,0.99,0.4,0
473,0.82,0.807,0.916,0.934,0.99,0.4,0
474,0.838,0.817,0.916,0.92,0.99,0.402,0
475,0.862,0.765,0.911,0.917,0.99,0.402,0
476,0.748,0.795,0.911,0.959,0.99,0.402,0
477,0.748,0.839,0.911,0.967,0.99,0.402,0
478,0.748,0.842,0.911,0.985,0.99,0.402,0
479,0.81,0.84,0.911,0.982,0.99,0.402,0
480,0.818,0.836,0.911,0.979,0.99,0.402,0
481,0.861,0.826,0.911,0.966,0.99,0.402,0
482,0.748,0.863,0.911,0.913,0.99,0.402,0
483,0.748,0.855,0.911,0.943,0.99,0.402,0
484,0.748,0.851,0.911,0.951,0.99,0.402,0
485,0.748,0.859,0.911,0.945,0.99,0.402,0
486,0.837,0.877,0.911,0.944,0.988,0.402,0
487,0.748,0.846,0.911,0.947,0.988,0.402,0
488,0.748,0.853,0.914,0.938,0.988,0.402,0
489,0.748,0.863,0.914,0.943,0.988,0.402,0
490,0.748,0.871,0.914,0.936,0.988,0.402,0
491,0.821,0.879,0.914,0.93,0.988,0.402,0
492,0.864,0.855,0.914,0.933,0.985,0.402,0
493,0.749,0.863,0.921,0.896,0.985,0.402,0
494,0.749,0.873,0.921,0.921,0.985,0.402,0
495,0.749,0.885,0.921,0.924,0.985,0.402,0
496,0.822,0.896,0.921,0.913,0.985,0.402,0
497,0.84,0.907,0.921,0.897,0.985,0.402,0
498,0.749,0.874,0.921,0.894,0.988,0.402,0
499,0.749,0.87,0.921,0.855,0.988,0.402,0
500,0.749,0.875,0.921,0.873,0.988,0.402,0
501,0.811,0.913,0.921,0.856,0.988,0.399,0
502,0.819,0.924,0.921,0.838,0.988,0.399,0
503,0.837,0.919,0.921,0.824,0.988,0.399,0
504,0.749,0.92,0.921,0.802,0.988,0.399,0
505,0.749,0.93,0.921,0.685,0.988,0.399,0
506,0.749,0.954,0.921,0.741,0.988,0.397,0
507,0.817,0.965,0.921,0.722,0.988,0.397,0
508,0.834,0.976,0.921,0.705,0.988,0.397,0
509,0.858,0.987,0.921,0.706,0.988,0.397,0
510,0.749,0.981,0.921,0.737,0.988,0.397,0
511,0.749,0.935,0.921,0.79,0.988,0.397,0
512,0.749,0.932,0.921,0.809,0.988,0.397,0
513,0.813,0.928,0.921,0.823,0.988,0.397,0
514,0.831,0.94,0.921,0.826,0.988,0.397,0
515,0.749,0.934,0.921,0.836,0.988,0.397,0
516,0.749,0.895,0.921,0.853,0.988,0.397,0
517,0.749,0.882,0.921,0.864,0.988,0.397,0
518,0.749,0.879,0.921,0.868,0.988,0.397,0
519,0.748,0.882,0.92,0.879,0.988,0.397,0
520,0.854,0.894,0.92,0.889,0.988,0.397,0
521,0.748,0.83,0.92,0.902,0.988,0.397,0
522,0.748,0.84,0.92,0.915,0.988,0.397,0
523,0.804,0.834,0.92,0.92,0.988,0.397,0
524,0.813,0.839,0.92,0.914,0.986,0.397,0
525,0.856,0.852,0.92,0.911,0.986,0.397,0
526,0.747,0.803,0.92,0.915,0.986,0.397,0
527,0.747,0.818,0.92,0.923,0.986,0.387,0
528,0.747,0.817,0.92,0.923,0.986,0.387,0
529,0.805,0.826,0.92,0.919,0.986,0.387,0
530,0.832,0.835,0.92,0.916,0.986,0.387,0
531,0.744,0.795,0.92,0.918,0.986,0.387,0
532,0.742,0.807,0.92,0.924,0.986,0.387,0
533,0.816,0.823,0.92,0.912,0.986,0.387,0
534,0.859,0.788,0.92,0.908,0.986,0.387,0
535,0.744,0.79,0.92,0.92,0.986,0.387,0
536,0.806,0.79,0.92,0.923,0.986,0.387,0
537,0.834,0.812,0.92,0.919,0.986,0.387,0
538,0.744,0.788,0.92,0.911,0.986,0.387,0
539,0.744,0.788,0.92,0.951,0.986,0.384,0
540,0.815,0.76,0.909,0.95,0.986,0.392,0
541,0.833,0.76,0.909,0.947,0.983,0.392,0
542,0.858,0.76,0.909,0.948,0.983,0.392,0
543,0.744,0.76,0.909,0.943,0.983,0.392,0
544,0.744,0.745,0.909,0.946,0.983,0.392,0
545,0.744,0.745,0.913,0.955,0.983,0.392,0
546,0.745,0.745,0.913,0.95,0.983,0.392,0
547,0.745,0.745,0.913,0.955,0.983,0.397,0
548,0.745,0.745,0.913,0.945,0.983,0.397,0
549,0.86,0.745,0.913,0.943,0.983,0.397,0
550,0.745,0.745,0.913,0.94,0.983,0.397,0
551,0.745,0.734,0.917,0.941,0.983,0.397,0
552,0.745,0.734,0.917,0.955,0.983,0.399,0
553,0.749,0.734,0.917,0.969,0.983,0.399,0
554,0.846,0.734,0.917,0.979,0.983,0.399,0
555,0.873,0.734,0.917,0.985,0.983,0.399,0
556,0.749,0.726,0.933,0.975,0.982,0.399,0
557,0.749,0.739,0.933,0.97,0.982,0.399,0
558,0.765,0.754,0.933,0.969,0.982,0.399,0
559,0.765,0.769,0.933,0.982,0.982,0.399,0
560,0.856,0.775,0.933,0.995,0.982,0.399,0
561,0.881,0.772,0.933,0.969,0.982,0.399,0
562,0.765,0.781,0.933,0.948,0.982,0.399,0
563,0.765,0.77,0.935,0.947,0.982,0.399,0
564,0.765,0.809,0.935,0.945,0.982,0.399,0
565,0.765,0.875,0.935,0.941,0.982,0.399,0
566,0.769,0.875,0.935,0.932,0.982,0.399,0
567,0.769,0.875,0.935,0.92,0.987,0.399,0
568,0.882,0.875,0.935,0.813,0.987,0.399,0
569,0.769,0.875,0.937,0.82,0.987,0.399,0
570,0.769,0.875,0.937,0.836,0.987,0.399,0
571,0.769,0.959,0.937,0.861,0.987,0.399,0
572,0.837,0.959,0.937,0.856,0.987,0.399,0
573,0.856,0.959,0.937,0.633,0.987,0.399,0
574,0.856,0.959,0.937,0.704,0.987,0.399,0
575,0.88,0.959,0.941,0.69,0.987,0.399,0
576,0.769,0.959,0.941,0.68,0.987,0.399,0
577,0.769,0.97,0.941,0.682,0.987,0.399,0
578,0.84,0.97,0.941,0.721,0.987,0.399,0
579,0.858,0.97,0.941,0.76,0.987,0.399,0
580,0.882,0.97,0.941,0.798,0.987,0.399,0
581,0.769,0.97,0.941,0.828,0.987,0.398,0
582,0.769,0.97,0.943,0.856,0.987,0.398,0
583,0.829,0.97,0.943,0.875,0.987,0.398,0
584,0.837,0.97,0.943,0.892,0.987,0.398,0
585,0.855,0.97,0.943,0.901,0.987,0.398,0
586,0.88,0.97,0.943,0.781,0.987,0.398,0
587,0.769,0.97,0.943,0.805,0.987,0.398,0
588,0.769,0.97,0.943,0.826,0.987,0.395,0
589,0.829,0.97,0.943,0.86,0.988,0.395,0
590,0.836,0.97,0.943,0.848,0.988,0.395,0
591,0.852,0.97,0.943,0.839,0.988,0.401,0
592,0.874,0.97,0.943,0.76,0.988,0.401,0
593,0.769,0.97,0.943,0.769,0.988,0.401,0
594,0.767,0.97,0.943,0.782,0.988,0.401,0
595,0.819,0.97,0.943,0.763,0.988,0.401,0
596,0.818,0.97,0.943,0.759,0.988,0.401,0
597,0.826,0.97,0.943,0.764,0.988,0.401,0
598,0.844,0.97,0.943,0.645,0.988,0.401,0
599,0.869,0.97,0.943,0.674,0.988,0.401,0
600,0.767,0.97,0.943,0.736,0.988,0.401,0
601,0.819,0.97,0.943,0.776,0.988,0.401,0
602,0.828,0.97,0.943,0.776,0.988,0.401,0
603,0.846,0.97,0.943,0.782,0.988,0.401,0
604,0.87,0.97,0.943,0.79,0.996,0.401,0
605,0.765,0.954,0.943,0.78,0.996,0.401,0
606,0.819,0.938,0.943,0.818,0.996,0.401,0
607,0.828,0.922,0.943,0.813,0.996,0.401,0
608,0.847,0.918,0.943,0.828,0.996,0.403,0
609,0.872,0.918,0.94,0.836,0.996,0.403,0
610,0.765,0.918,0.94,0.848,0.996,0.403,0
611,0.765,0.916,0.94,0.839,0.996,0.403,0
612,0.825,0.9,0.94,0.865,0.996,0.403,0
613,0.83,0.886,0.926,0.866,0.996,0.403,0
614,0.872,0.877,0.926,0.862,0.996,0.403,0
615,0.765,0.873,0.926,0.866,0.996,0.403,0
616,0.76,0.87,0.931,0.827,0.996,0.403,0
617,0.76,0.863,0.931,0.857,0.996,0.403,0
618,0.824,0.908,0.931,0.862,0.996,0.403,0
619,0.841,0.901,0.931,0.86,0.996,0.403,0
620,0.866,0.888,0.931,0.86,0.996,0.403,0
621,0.76,0.881,0.931,0.864,0.996,0.403,0
622,0.76,0.877,0.931,0.86,0.996,0.403,0
623,0.815,0.882,0.931,0.862,0.996,0.403,0
624,0.824,0.888,0.931,0.855,0.996,0.403,0
625,0.838,0.9,0.931,0.85,0.996,0.403,0
626,0.862,0.907,0.931,0.849,0.996,0.403,0
627,0.76,0.883,0.931,0.826,0.996,0.403,0
628,0.811,0.888,0.931,0.855,0.996,0.403,0
629,0.82,0.894,0.931,0.85,0.996,0.403,0
630,0.837,0.9,0.931,0.843,0.996,0.403,0
631,0.862,0.909,0.931,0.844,0.985,0.403,0
632,0.76,0.917,0.931,0.85,0.985,0.403,0
633,0.76,0.926,0.931,0.859,0.985,0.403,0
634,0.76,0.882,0.931,0.859,0.966,0.397,0
635,0.838,0.894,0.931,0.868,0.966,0.397,0
636,0.863,0.885,0.931,0.876,0.966,0.397,0
637,0.754,0.894,0.931,0.888,0.966,0.397,0
638,0.754,0.891,0.931,0.902,0.966,0.397,0
639,0.813,0.854,0.931,0.919,0.966,0.397,0
640,0.822,0.854,0.931,0.909,0.966,0.397,0
641,0.84,0.839,0.931,0.919,0.971,0.397,0
642,0.865,0.839,0.929,0.936,0.971,0.397,0
643,0.754,0.839,0.929,0.926,0.971,0.397,0
644,0.752,0.839,0.929,0.927,0.971,0.397,0
645,0.752,0.839,0.929,0.933,0.971,0.397,0
646,0.752,0.824,0.94,0.949,0.971,0.397,0
647,0.843,0.824,0.94,0.953,0.971,0.397,0
648,0.868,0.824,0.94,0.955,0.971,0.397,0
649,0.753,0.824,0.94,0.976,0.971,0.406,0
650,0.753,0.824,0.94,0.955,0.971,0.406,0
651,0.753,0.824,0.94,0.942,0.971,0.406,0
652,0.825,0.824,0.94,0.935,0.971,0.406,0
653,0.867,0.824,0.94,0.921,0.971,0.406,0
654,0.753,0.81,0.94,0.906,0.971,0.406,0
655,0.753,0.835,0.94,0.918,0.971,0.411,0
656,0.753,0.844,0.94,0.974,0.971,0.411,0
657,0.812,0.805,0.94,0.982,0.971,0.411,0
658,0.829,0.839,0.94,0.987,0.971,0.411,0
659,0.753,0.834,0.94,0.984,0.971,0.411,0
660,0.753,0.835,0.94,0.97,0.971,0.411,0
661,0.753,0.848,0.94,0.958,0.971,0.411,0
662,0.753,0.826,0.94,0.919,0.971,0.411,0
663,0.826,0.859,0.94,0.947,0.971,0.411,0
664,0.869,0.853,0.94,0.959,0.971,0.411,0
665,0.869,0.859,0.94,0.951,0.971,0.411,0
666,0.755,0.871,0.94,0.94,0.971,0.411,0
667,0.755,0.886,0.94,0.937,0.971,0.411,0
668,0.755,0.852,0.94,0.913,0.967,0.411,0
669,0.847,0.886,0.94,0.921,0.967,0.411,0
670,0.875,0.884,0.94,0.909,0.967,0.411,0
671,0.755,0.87,0.94,0.902,0.967,0.411,0
672,0.762,0.868,0.94,0.897,0.967,0.411,0
673,0.762,0.868,0.938,0.895,0.967,0.411,0
674,0.762,0.853,0.938,0.877,0.966,0.411,0
675,0.855,0.848,0.938,0.886,0.966,0.411,0
676,0.879,0.876,0.938,0.878,0.966,0.411,0
677,0.764,0.871,0.938,0.872,0.966,0.411,0
678,0.764,0.868,0.945,0.86,0.966,0.411,0
679,0.827,0.865,0.945,0.856,0.966,0.411,0
680,0.834,0.857,0.945,0.854,0.966,0.411,0
681,0.851,0.866,0.945,0.851,0.966,0.411,0
682,0.873,0.891,0.945,0.837,0.962,0.405,0
683,0.764,0.886,0.945,0.83,0.962,0.405,0
684,0.764,0.891,0.945,0.826,0.962,0.405,0
685,0.764,0.901,0.945,0.825,0.962,0.405,0
686,0.823,0.877,0.945,0.803,0.962,0.405,0
687,0.843,0.907,0.945,0.819,0.961,0.405,0
688,0.866,0.901,0.945,0.808,0.961,0.4,0
689,0.764,0.898,0.945,0.807,0.961,0.4,0
690,0.815,0.91,0.945,0.81,0.961,0.4,0
691,0.823,0.879,0.945,0.817,0.961,0.4,0
692,0.866,0.887,0.945,0.826,0.953,0.4,0
693,0.764,0.893,0.945,0.824,0.953,0.397,0
694,0.764,0.895,0.945,0.826,0.953,0.397,0
695,0.764,0.896,0.945,0.829,0.953,0.397,0
696,0.764,0.9,0.945,0.836,0.953,0.397,0
697,0.823,0.875,0.945,0.845,0.953,0.397,0
698,0.865,0.887,0.945,0.844,0.953,0.397,0
699,0.764,0.882,0.945,0.842,0.946,0.397,0
700,0.764,0.887,0.945,0.842,0.946,0.397,0
701,0.764,0.894,0.945,0.845,0.946,0.397,0
702,0.814,0.86,0.945,0.85,0.946,0.397,0
703,0.822,0.873,0.945,0.851,0.941,0.397,0
704,0.84,0.887,0.934,0.848,0.945,0.397,0
705,0.864,0.889,0.934,0.847,0.945,0.397,0
706,0.759,0.895,0.934,0.854,0.945,0.397,0
707,0.759,0.903,0.934,0.862,0.945,0.397,0
708,0.751,0.861,0.934,0.84,0.945,0.397,0
709,0.751,0.885,0.934,0.868,0.945,0.397,0
710,0.84,0.881,0.934,0.866,0.949,0.397,0
711,0.865,0.889,0.937,0.868,0.949,0.396,0
712,0.751,0.901,0.937,0.877,0.949,0.396,0
713,0.751,0.912,0.937,0.894,0.949,0.396,0
714,0.815,0.869,0.937,0.88,0.949,0.396,0
715,0.824,0.867,0.937,0.907,0.949,0.396,0
716,0.843,0.861,0.937,0.908,0.949,0.396,0
717,0.867,0.851,0.937,0.912,0.949,0.392,0
718,0.753,0.845,0.937,0.923,0.949,0.392,0
719,0.753,0.824,0.937,0.952,0.949,0.402,0
720,0.753,0.824,0.937,0.951,0.949,0.402,0
721,0.827,0.824,0.938,0.952,0.949,0.402,0
722,0.845,0.824,0.938,0.962,0.949,0.402,0
723,0.871,0.824,0.938,0.968,0.949,0.402,0
724,0.756,0.824,0.938,0.956,0.949,0.402,0
725,0.756,0.824,0.938,0.97,0.949,0.402,0
726,0.756,0.824,0.938,0.967,0.949,0.402,0
727,0.823,0.824,0.938,0.936,0.949,0.402,0
728,0.832,0.824,0.938,0.907,0.949,0.402,0
729,0.875,0.843,0.938,0.917,0.949,0.405,0
730,0.76,0.842,0.938,0.931,0.949,0.405,0
731,0.76,0.836,0.938,0.918,0.949,0.405,0
732,0.76,0.865,0.938,0.924,0.949,0.405,0
733,0.76,0.855,0.938,0.924,0.949,0.405,0
734,0.852,0.915,0.938,0.897,0.949,0.405,0
735,0.876,0.915,0.938,0.891,0.949,0.405,0
736,0.762,0.915,0.947,0.883,0.948,0.407,0
737,0.762,0.915,0.947,0.78,0.948,0.407,0
738,0.762,0.915,0.947,0.792,0.948,0.407,0
739,0.836,0.915,0.947,0.803,0.948,0.407,0
740,0.854,0.969,0.947,0.813,0.948,0.407,0
741,0.879,0.969,0.947,0.82,0.948,0.407,0
742,0.765,0.969,0.947,0.825,0.948,0.407,0
743,0.765,0.969,0.947,0.764,0.948,0.407,0
744,0.826,0.969,0.947,0.789,0.947,0.407,0
745,0.835,0.969,0.947,0.812,0.947,0.407,0
746,0.853,0.969,0.947,0.829,0.951,0.407,0
747,0.877,0.969,0.947,0.843,0.951,0.407,0
748,0.765,0.969,0.947,0.73,0.951,0.407,0
749,0.765,0.969,0.947,0.76,0.951,0.407,0
750,0.765,0.969,0.947,0.791,0.951,0.407,0
751,0.765,0.969,0.947,0.818,0.951,0.407,0
752,0.765,0.976,0.947,0.862,0.951,0.407,0
753,0.877,0.976,0.947,0.864,0.951,0.407,0
754,0.765,0.976,0.947,0.757,0.951,0.407,0
755,0.765,0.976,0.947,0.789,0.951,0.407,0
756,0.835,0.976,0.947,0.841,0.951,0.407,0
757,0.852,0.976,0.947,0.856,0.951,0.407,0
758,0.877,0.976,0.947,0.874,0.951,0.407,0
759,0.765,0.976,0.947,0.887,0.951,0.407,0
760,0.765,0.976,0.947,0.812,0.951,0.407,0
761,0.826,0.976,0.947,0.811,0.951,0.407,0
762,0.834,0.976,0.947,0.851,0.951,0.407,0
763,0.851,0.976,0.945,0.848,0.951,0.392,0
764,0.765,0.976,0.945,0.824,0.951,0.392,0
765,0.765,0.976,0.945,0.773,0.951,0.392,0
766,0.765,0.976,0.945,0.789,0.951,0.392,0
767,0.763,0.976,0.945,0.779,0.951,0.392,0
768,0.829,0.976,0.945,0.771,0.951,0.392,0
769,0.871,0.976,0.945,0.751,0.951,0.392,0
770,0.763,0.976,0.945,0.747,0.951,0.392,0
771,0.763,0.976,0.945,0.724,0.951,0.392,0
772,0.763,0.976,0.945,0.736,0.951,0.392,0
773,0.828,0.976,0.945,0.729,0.951,0.392,0
774,0.846,0.976,0.945,0.728,0.951,0.392,0
775,0.87,0.976,0.945,0.731,0.951,0.392,0
776,0.763,0.976,0.944,0.738,0.956,0.392,0
777,0.763,0.976,0.944,0.738,0.956,0.392,0
778,0.762,0.976,0.944,0.745,0.956,0.392,0
779,0.762,0.953,0.944,0.747,0.956,0.392,0
780,0.832,0.962,0.944,0.753,0.956,0.392,0
781,0.85,0.949,0.944,0.773,0.956,0.392,0
782,0.762,0.94,0.942,0.788,0.959,0.392,0
783,0.762,0.931,0.942,0.801,0.959,0.396,0
784,0.822,0.928,0.942,0.81,0.959,0.396,0
785,0.831,0.912,0.942,0.828,0.959,0.396,0
786,0.85,0.904,0.942,0.838,0.959,0.396,0
787,0.874,0.897,0.942,0.851,0.959,0.396,0
788,0.76,0.896,0.918,0.848,0.959,0.396,0
789,0.76,0.856,0.918,0.883,0.959,0.396,0
790,0.823,0.856,0.918,0.887,0.959,0.396,0
791,0.832,0.856,0.918,0.89,0.959,0.396,0
792,0.85,0.854,0.925,0.895,0.959,0.396,0
793,0.875,0.858,0.925,0.893,0.959,0.396,0
794,0.76,0.816,0.925,0.896,0.959,0.396,0
795,0.76,0.818,0.925,0.902,0.959,0.396,0
796,0.76,0.824,0.925,0.899,0.959,0.396,0
797,0.76,0.831,0.925,0.896,0.959,0.396,0
798,0.846,0.85,0.925,0.899,0.959,0.396,0
799,0.87,0.851,0.925,0.91,0.959,0.396,0
800,0.76,0.815,0.925,0.891,0.959,0.396,0
801,0.76,0.842,0.925,0.916,0.959,0.396,0
802,0.76,0.841,0.925,0.914,0.959,0.396,0
803,0.824,0.832,0.926,0.905,0.959,0.396,0
804,0.85,0.847,0.926,0.902,0.959,0.396,0
805,0.874,0.856,0.926,0.907,0.959,0.396,0
806,0.76,0.816,0.926,0.915,0.959,0.396,0
807,0.822,0.828,0.926,0.908,0.955,0.396,0
808,0.83,0.84,0.926,0.899,0.955,0.396,0
809,0.848,0.849,0.926,0.903,0.955,0.379,0
810,0.76,0.841,0.926,0.934,0.955,0.382,0
811,0.76,0.799,0.926,0.939,0.955,0.382,0
812,0.76,0.799,0.926,0.933,0.949,0.382,0
813,0.822,0.799,0.926,0.93,0.949,0.382,0
814,0.831,0.799,0.926,0.926,0.949,0.382,0
815,0.849,0.799,0.926,0.921,0.951,0.382,0
816,0.76,0.799,0.926,0.916,0.951,0.388,0
817,0.76,0.799,0.926,0.917,0.951,0.388,0
818,0.759,0.785,0.926,0.919,0.951,0.388,0
819,0.822,0.785,0.926,0.913,0.951,0.388,0
820,0.83,0.785,0.926,0.919,0.953,0.388,0
821,0.849,0.785,0.926,0.926,0.953,0.388,0
822,0.874,0.785,0.926,0.934,0.953,0.39,0
823,0.759,0.775,0.926,0.936,0.953,0.39,0
824,0.759,0.775,0.926,0.932,0.953,0.39,0
825,0.825,0.775,0.926,0.946,0.953,0.39,0
826,0.831,0.775,0.926,0.959,0.956,0.39,0
827,0.85,0.775,0.926,0.969,0.956,0.39,0
828,0.874,0.775,0.926,0.984,0.956,0.395,0
829,0.76,0.775,0.926,0.947,0.956,0.395,0
830,0.76,0.764,0.926,0.965,0.956,0.395,0
831,0.831,0.782,0.926,0.961,0.956,0.395,0
832,0.849,0.803,0.926,0.917,0.958,0.395,0
833,0.872,0.819,0.926,0.931,0.958,0.395,0
834,0.76,0.81,0.923,0.946,0.958,0.395,0
835,0.76,0.788,0.923,0.923,0.958,0.395,0
836,0.76,0.835,0.923,0.922,0.958,0.395,0
837,0.822,0.917,0.923,0.917,0.96,0.395,0
838,0.84,0.917,0.923,0.895,0.96,0.395,0
839,0.76,0.917,0.923,0.789,0.96,0.395,0
840,0.76,0.917,0.923,0.784,0.96,0.395,0
841,0.76,0.917,0.924,0.806,0.96,0.395,0
842,0.821,0.958,0.924,0.807,0.96,0.395,0
843,0.839,0.958,0.924,0.811,0.96,0.395,0
844,0.864,0.958,0.924,0.697,0.96,0.395,0
845,0.76,0.958,0.924,0.721,0.96,0.395,0
846,0.76,0.958,0.938,0.747,0.96,0.395,0
847,0.76,0.959,0.938,0.775,0.96,0.395,0
848,0.76,0.959,0.938,0.8,0.96,0.395,0
849,0.841,0.959,0.938,0.834,0.96,0.395,0
850,0.866,0.959,0.938,0.764,0.96,0.395,0
851,0.758,0.959,0.938,0.792,0.96,0.395,0
852,0.758,0.959,0.938,0.809,0.96,0.395,0
853,0.813,0.959,0.938,0.828,0.96,0.395,0
854,0.813,0.96,0.938,0.837,0.96,0.395,0
855,0.84,0.96,0.938,0.851,0.96,0.395,0
856,0.864,0.96,0.938,0.739,0.96,0.395,0
857,0.758,0.96,0.938,0.772,0.96,0.395,0
858,0.752,0.96,0.938,0.8,0.96,0.395,0
859,0.752,0.96,0.938,0.822,0.96,0.395,0
860,0.823,0.96,0.938,0.845,0.96,0.395,0
861,0.841,0.96,0.938,0.838,0.96,0.395,0
862,0.865,0.96,0.938,0.679,0.96,0.395,0
863,0.752,0.96,0.938,0.657,0.96,0.395,0
864,0.752,0.96,0.938,0.635,0.96,0.395,0
865,0.752,0.96,0.938,0.643,0.96,0.395,0
866,0.752,0.96,0.938,0.678,0.96,0.395,0
867,0.84,0.96,0.938,0.688,0.96,0.388,0
868,0.864,0.96,0.938,0.738,0.96,0.388,0
869,0.752,0.96,0.938,0.74,0.96,0.388,0
870,0.752,0.96,0.938,0.739,0.956,0.388,0
871,0.752,0.96,0.938,0.749,0.956,0.388,0
872,0.825,0.961,0.938,0.755,0.96,0.388,0
873,0.841,0.96,0.938,0.739,0.96,0.388,0
874,0.863,0.96,0.934,0.753,0.96,0.388,0
875,0.753,0.96,0.934,0.754,0.96,0.388,0
876,0.753,0.96,0.934,0.759,0.96,0.388,0
877,0.753,0.968,0.934,0.768,0.96,0.388,0
878,0.817,0.96,0.934,0.769,0.96,0.387,0
879,0.835,0.96,0.927,0.689,0.96,0.387,0
880,0.857,0.96,0.927,0.686,0.96,0.387,0
881,0.753,0.96,0.927,0.685,0.96,0.387,0
882,0.753,0.937,0.927,0.753,0.96,0.387,0
883,0.753,0.913,0.927,0.808,0.96,0.387,0
884,0.816,0.894,0.927,0.835,0.96,0.387,0
885,0.859,0.901,0.927,0.864,0.96,0.387,0
886,0.753,0.89,0.9,0.868,0.96,0.387,0
887,0.753,0.89,0.9,0.877,0.96,0.387,0
888,0.753,0.872,0.9,0.884,0.96,0.387,0
889,0.753,0.868,0.9,0.906,0.96,0.38,0
890,0.819,0.87,0.907,0.851,0.96,0.38,0
891,0.839,0.873,0.907,0.829,0.96,0.38,0
892,0.864,0.825,0.907,0.815,0.96,0.38,0
893,0.753,0.825,0.907,0.823,0.96,0.38,0
894,0.753,0.825,0.907,0.852,0.96,0.38,0
895,0.753,0.831,0.907,0.886,0.96,0.38,0
896,0.753,0.849,0.907,0.9,0.96,0.38,0
897,0.836,0.86,0.907,0.896,0.96,0.38,0
898,0.861,0.825,0.907,0.898,0.96,0.38,0
899,0.748,0.839,0.912,0.908,0.957,0.38,0
900,0.748,0.837,0.912,0.912,0.957,0.38,0
901,0.821,0.856,0.912,0.915,0.957,0.38,0
902,0.839,0.861,0.912,0.908,0.957,0.38,0
903,0.863,0.825,0.912,0.903,0.957,0.38,0
904,0.749,0.825,0.912,0.903,0.957,0.38,0
905,0.812,0.825,0.912,0.899,0.954,0.379,0
906,0.82,0.825,0.912,0.898,0.954,0.379,0
907,0.838,0.825,0.912,0.888,0.954,0.379,0
908,0.862,0.825,0.912,0.888,0.954,0.379,0
909,0.749,0.825,0.912,0.903,0.954,0.379,0
910,0.749,0.811,0.912,0.9,0.954,0.379,0
911,0.749,0.811,0.912,0.934,0.952,0.379,0
912,0.818,0.811,0.912,0.926,0.952,0.379,0
913,0.837,0.811,0.912,0.919,0.952,0.379,0
914,0.749,0.811,0.912,0.912,0.952,0.379,0
915,0.749,0.773,0.912,0.912,0.952,0.379,0
916,0.749,0.773,0.912,0.928,0.952,0.385,0
917,0.813,0.773,0.912,0.924,0.948,0.385,0
918,0.822,0.773,0.912,0.932,0.955,0.385,0
919,0.84,0.773,0.912,0.932,0.955,0.385,0
920,0.75,0.773,0.912,0.942,0.955,0.385,0
921,0.75,0.769,0.912,0.934,0.955,0.385,0
922,0.75,0.769,0.912,0.934,0.955,0.4,0
923,0.811,0.769,0.912,0.924,0.955,0.4,0
924,0.821,0.769,0.912,0.915,0.955,0.4,0
925,0.84,0.769,0.912,0.91,0.957,0.4,0
926,0.865,0.726,0.899,0.877,0.957,0.4,0
927,0.75,0.726,0.899,0.898,0.957,0.4,0
928,0.75,0.726,0.899,0.944,0.957,0.4,0
929,0.825,0.726,0.899,0.957,0.957,0.4,0
930,0.844,0.774,0.899,0.914,0.961,0.4,0
931,0.867,0.749,0.905,0.89,0.961,0.4,0
932,0.754,0.802,0.905,0.902,0.961,0.4,0
933,0.754,0.821,0.905,0.907,0.961,0.4,0
934,0.754,0.823,0.905,0.916,0.961,0.4,0
935,0.817,0.831,0.905,0.76,0.961,0.4,0
936,0.826,0.816,0.915,0.699,0.962,0.4,0
937,0.869,0.895,0.915,0.699,0.962,0.4,0
938,0.754,0.895,0.915,0.7,0.962,0.4,0
939,0.754,0.895,0.915,0.709,0.962,0.4,0
940,0.754,0.895,0.915,0.725,0.962,0.4,0
941,0.756,0.895,0.919,0.746,0.965,0.4,0
942,0.756,0.895,0.919,0.775,0.965,0.4,0
943,0.846,0.945,0.919,0.808,0.965,0.4,0
944,0.87,0.945,0.919,0.842,0.965,0.4,0
945,0.756,0.945,0.919,0.872,0.965,0.4,0
946,0.756,0.945,0.919,0.9,0.965,0.4,0
947,0.817,0.945,0.919,0.927,0.967,0.4,0
948,0.825,0.945,0.927,0.947,0.967,0.4,0
949,0.841,0.945,0.927,0,0.967,0.4,0
950,0.864,0.945,0.927,0,0.967,0.398,0
951,0.756,0.945,0.927,0,0.967,0.398,0
952,0.756,0.945,0.927,0,0.967,0.398,0
953,0.756,0.945,0.927,0,0.967,0.398,0
954,0.756,0.945,0.927,0,0.968,0.398,0
955,0.756,0.945,0.941,0,0.968,0.398,0
956,0.82,0.945,0.941,0,0.968,0.398,0
957,0.838,0.945,0.941,0,0.968,0.397,0
958,0.863,0.945,0.941,0,0.968,0.397,0
959,0.756,0.945,0.941,0,0.968,0.397,0
960,0.756,0.945,0.941,0,0.968,0.397,0
961,0.756,0.945,0.941,0,0.968,0.397,0
962,0.756,0.945,0.941,0,0.974,0.397,0
963,0.83,0.945,0.941,0,0.974,0.397,0
964,0.85,0.949,0.941,0,0.974,0.391,0
965,0.875,0.945,0.941,0,0.974,0.391,0
966,0.756,0.945,0.941,0,0.974,0.391,0
967,0.756,0.945,0.941,0,0.974,0.391,0
968,0.756,0.945,0.941,0,0.974,0.391,0
969,0.756,0.945,0.941,0,0.986,0.391,0
970,0.826,0.95,0.941,0,0.986,0.391,0
971,0.845,0.961,0.941,0,0.986,0.385,0
972,0.87,0.963,0.941,0,0.986,0.385,0
973,0.756,0.955,0.941,0,0.986,0.385,0
974,0.756,0.945,0.941,0.768,0.986,0.385,0
975,0.754,0.945,0.941,0.758,0.986,0.39,0
976,0.761,0.959,0.941,0.747,0.988,0.39,0
977,0.833,0.955,0.941,0.74,0.988,0.39,0
978,0.852,0.938,0.941,0.735,0.988,0.39,0
979,0.761,0.929,0.941,0.722,0.988,0.39,0
980,0.761,0.916,0.941,0.808,0.988,0.39,0
981,0.761,0.907,0.941,0.798,0.988,0.39,0
982,0.829,0.906,0.941,0.788,0.994,0.39,0
983,0.842,0.924,0.941,0.784,0.994,0.39,0
984,0.867,0.914,0.941,0.776,0.994,0.39,0
985,0.761,0.917,0.941,0.769,0.994,0.39,0
986,0.761,0.922,0.941,0.842,0.994,0.39,0
987,0.761,0.892,0.903,0.822,0.994,0.398,0
988,0.845,0.917,0.903,0.804,0.994,0.398,0
989,0.868,0.913,0.933,0.794,0.994,0.398,0
990,0.889,0.905,0.933,0.833,0.994,0.398,0
991,0.773,0.906,0.933,0.864,0.994,0.398,0
992,0.773,0.915,0.933,0.888,0.994,0.398,0
993,0.773,0.885,0.933,0.904,0.994,0.398,0
994,0.836,0.903,0.949,0.905,0.994,0.398,0
995,0.855,0.896,0.949,0.906,0.994,0.398,0
996,0.879,0.892,0.949,0.915,0.994,0.398,0
997,0.773,0.895,0.949,0.877,0.994,0.398,0
998,0.773,0.858,0.949,0.911,0.994,0.398,0
999,0.838,0.877,0.949,0.925,0.994,0.398,0
1000,0.856,0.866,0.949,0.928,0.994,0.398,0
1001,0.88,0.871,0.949,0.93,0.994,0.398,0
1002,0.773,0.879,0.949,0.937,0.994,0.398,0
1003,0.773,0.886,0.949,0.908,0.994,0.398,0
1004,0.773,0.844,0.949,0.937,0.994,0.398,0
1005,0.829,0.861,0.949,0.929,0.994,0.398,0
1006,0.855,0.861,0.949,0.924,0.994,0.398,0
1007,0.88,0.88,0.949,0.923,0.994,0.398,0
1008,0.773,0.887,0.949,0.924,0.99,0.398,0
1009,0.773,0.847,0.949,0.928,0.99,0.402,0
1010,0.773,0.855,0.949,0.923,0.99,0.402,0
1011,0.838,0.865,0.949,0.919,0.99,0.402,0
1012,0.856,0.876,0.949,0.918,0.99,0.402,0
1013,0.881,0.882,0.949,0.921,0.99,0.402,0
1014,0.766,0.886,0.949,0.929,0.99,0.402,0
1015,0.766,0.839,0.949,0.937,0.99,0.402,0
1016,0.831,0.842,0.949,0.936,0.99,0.402,0
1017,0.84,0.854,0.949,0.935,0.99,0.402,0
1018,0.858,0.838,0.949,0.924,0.99,0.402,0
1019,0.882,0.844,0.949,0.924,0.99,0.402,0
1020,0.768,0.853,0.939,0.951,0.988,0.402,0
1021,0.768,0.828,0.939,0.953,0.988,0.402,0
1022,0.837,0.85,0.939,0.952,0.991,0.402,0
1023,0.855,0.839,0.939,0.935,0.991,0.402,0
1024,0.768,0.847,0.939,0.934,0.991,0.402,0
1025,0.768,0.843,0.939,0.95,0.991,0.402,0
1026,0.768,0.821,0.939,0.935,0.991,0.402,0
1027,0.837,0.861,0.939,0.94,0.991,0.402,0
1028,0.855,0.837,0.939,0.942,0.991,0.402,0
1029,0.879,0.895,0.939,0.925,0.991,0.402,0
1030,0.768,0.895,0.939,0.924,0.991,0.402,0
1031,0.768,0.895,0.939,0.828,0.991,0.402,0
1032,0.828,0.895,0.939,0.846,0.991,0.402,0
1033,0.837,0.895,0.939,0.863,0.991,0.402,0
1034,0.88,0.895,0.939,0.873,0.991,0.402,0
1035,0.768,0.945,0.939,0.887,0.991,0.397,0
1036,0.768,0.945,0.939,0.891,0.991,0.397,0
1037,0.768,0.945,0.939,0.773,0.991,0.397,0
1038,0.83,0.945,0.939,0.799,0.991,0.397,0
1039,0.856,0.945,0.939,0.841,0.991,0.397,0
1040,0.88,0.945,0.939,0.854,0.991,0.397,0
1041,0.768,0.945,0.939,0.862,0.991,0.397,0
1042,0.768,0.945,0.939,0.868,0.991,0.397,0
1043,0.767,0.945,0.939,0.777,0.991,0.397,0
1044,0.83,0.945,0.939,0.805,0.991,0.397,0
1045,0.839,0.945,0.939,0.84,0.991,0.397,0
1046,0.857,0.945,0.939,0.862,0.991,0.397,0
1047,0.881,0.951,0.931,0.875,0.991,0.396,0
1048,0.767,0.951,0.931,0.88,0.991,0.396,0
1049,0.767,0.951,0.931,0.764,0.989,0.396,0
1050,0.767,0.951,0.931,0.802,0.989,0.396,0
1051,0.839,0.951,0.931,0.838,0.989,0.396,0
1052,0.857,0.951,0.931,0.892,0.989,0.396,0
1053,0.881,0.951,0.931,0.904,0.989,0.391,0
1054,0.767,0.951,0.931,0.938,0.987,0.391,0
1055,0.767,0.951,0.931,0.832,0.993,0.392,0
1056,0.767,0.951,0.931,0.868,0.993,0.392,0
1057,0.839,0.951,0.936,0.898,0.993,0.392,0
1058,0.857,0.951,0.936,0.923,0.993,0.392,0
1059,0.88,0.951,0.936,0.922,0.993,0.392,0
1060,0.767,0.951,0.936,0.914,0.993,0.392,0
1061,0.767,0.951,0.936,0.895,0.993,0.392,0
1062,0.823,0.951,0.936,0.836,0.993,0.396,0
1063,0.83,0.951,0.936,0.863,0.993,0.396,0
1064,0.846,0.951,0.936,0.866,0.993,0.396,0
1065,0.87,0.951,0.936,0.853,0.993,0.396,0
1066,0.767,0.951,0.936,0.851,0.993,0.396,0
1067,0.767,0.951,0.936,0.852,0.993,0.396,0
1068,0.818,0.951,0.936,0.836,0.993,0.396,0
1069,0.827,0.955,0.936,0.825,0.993,0.396,0
1070,0.845,0.961,0.936,0.791,0.993,0.396,0
1071,0.869,0.968,0.936,0.784,0.993,0.396,0
1072,0.767,0.981,0.936,0.782,0.993,0.396,0
1073,0.767,0.951,0.936,0.785,0.993,0.396,0
1074,0.767,0.958,0.936,0.785,0.993,0.396,0
1075,0.848,0.959,0.936,0.786,0.993,0.396,0
1076,0.872,0.964,0.936,0.789,0.993,0.396,0
1077,0.767,0.969,0.936,0.801,0.993,0.396,0
1078,0.767,0.927,0.936,0.809,0.993,0.396,0
1079,0.81,0.927,0.936,0.824,0.993,0.396,0
1080,0.817,0.92,0.936,0.826,0.993,0.396,0
1081,0.84,0.922,0.936,0.829,0.993,0.396,0
1082,0.866,0.923,0.936,0.847,0.99,0.396,0
1083,0.76,0.921,0.936,0.868,0.99,0.396,0
1084,0.76,0.878,0.936,0.874,0.99,0.396,0
1085,0.827,0.865,0.936,0.874,0.99,0.396,0
1086,0.845,0.863,0.936,0.87,0.99,0.396,0
1087,0.869,0.866,0.936,0.874,0.99,0.396,0
1088,0.756,0.869,0.925,0.891,0.99,0.396,0
1089,0.756,0.865,0.935,0.911,0.99,0.396,0
1090,0.819,0.818,0.935,0.914,0.99,0.396,0
1091,0.828,0.813,0.935,0.914,0.99,0.396,0
1092,0.846,0.817,0.935,0.915,0.99,0.396,0
1093,0.869,0.832,0.935,0.92,0.99,0.389,0
1094,0.755,0.837,0.935,0.918,0.99,0.389,0
1095,0.755,0.78,0.935,0.922,0.99,0.389,0
1096,0.821,0.778,0.935,0.916,0.99,0.389,0
1097,0.83,0.793,0.935,0.911,0.99,0.389,0
1098,0.848,0.803,0.935,0.909,0.99,0.389,0
1099,0.872,0.813,0.935,0.911,0.99,0.389,0
1100,0.755,0.824,0.935,0.915,0.99,0.389,0
1101,0.755,0.772,0.935,0.925,0.989,0.389,0
1102,0.755,0.778,0.935,0.92,0.989,0.389,0
1103,0.843,0.786,0.935,0.904,0.989,0.389,0
1104,0.868,0.787,0.935,0.898,0.989,0.388,0
1105,0.755,0.793,0.935,0.894,0.989,0.388,0
1106,0.755,0.8,0.935,0.903,0.989,0.388,0
1107,0.817,0.771,0.935,0.898,0.989,0.388,0
1108,0.826,0.776,0.935,0.893,0.989,0.388,0
1109,0.869,0.777,0.935,0.89,0.989,0.388,0
1110,0.869,0.783,0.935,0.894,0.989,0.378,0
1111,0.755,0.787,0.935,0.89,0.989,0.378,0
1112,0.819,0.778,0.935,0.895,0.989,0.378,0
1113,0.828,0.771,0.935,0.932,0.989,0.388,0
1114,0.846,0.742,0.935,0.931,0.989,0.388,0
1115,0.87,0.742,0.935,0.934,0.989,0.388,0
1116,0.756,0.742,0.909,0.928,0.989,0.388,0
1117,0.757,0.742,0.909,0.924,0.989,0.388,0
1118,0.757,0.723,0.909,0.931,0.989,0.388,0
1119,0.847,0.723,0.909,0.927,0.989,0.388,0
1120,0.871,0.723,0.909,0.916,0.989,0.388,0
1121,0.757,0.723,0.904,0.914,0.989,0.388,0
1122,0.822,0.723,0.904,0.913,0.989,0.388,0
1123,0.831,0.723,0.904,0.913,0.99,0.391,0
1124,0.849,0.718,0.904,0.902,0.99,0.391,0
1125,0.874,0.718,0.904,0.908,0.99,0.391,0
1126,0.759,0.718,0.904,0.933,0.99,0.391,0
1127,0.759,0.718,0.916,0.943,0.99,0.391,0
1128,0.759,0.718,0.916,0.952,0.99,0.391,0
1129,0.833,0.718,0.916,0.968,0.99,0.395,0
1130,0.851,0.703,0.916,0.962,0.99,0.395,0
1131,0.875,0.708,0.916,0.956,0.99,0.395,0
1132,0.76,0.723,0.916,0.964,0.99,0.395,0
1133,0.76,0.755,0.916,0.959,0.99,0.395,0
1134,0.76,0.749,0.916,0.932,0.99,0.395,0
1135,0.825,0.767,0.916,0.913,0.99,0.395,0
1136,0.834,0.8,0.916,0.931,0.99,0.395,0
1137,0.853,0.788,0.916,0.933,0.99,0.395,0
1138,0.877,0.849,0.916,0.948,0.99,0.395,0
1139,0.877,0.835,0.916,0.973,0.99,0.395,0
1140,0.762,0.816,0.916,0.969,0.99,0.395,0
1141,0.762,0.797,0.916,0.96,0.99,0.395,0
1142,0.762,0.78,0.922,0.93,0.99,0.395,0
1143,0.762,0.936,0.922,0.899,0.99,0.395,0
1144,0.853,0.936,0.922,0,0.99,0.397,0
1145,0.88,0.936,0.922,0,0.99,0.397,0
1146,0.762,0.936,0.922,0,0.99,0.397,0
1147,0.762,0.936,0.933,0,0.99,0.397,0
1148,0.826,0.951,0.933,0,0.99,0.397,0
1149,0.834,0.951,0.933,0,0.99,0.397,0
1150,0.853,0.951,0.933,0,0.99,0.397,0
1151,0.877,0.951,0.933,0,0.99,0.397,0
1152,0.762,0.951,0.933,0,0.99,0.397,0
1153,0.762,0.951,0.939,0,0.984,0.397,0
1154,0.762,0.97,0.939,0,0.984,0.397,0
1155,0.762,0.97,0.939,0,0.99,0.397,0
1156,0.852,0.97,0.939,0,0.99,0.397,0
1157,0.876,0.97,0.939,0,0.99,0.397,0
1158,0.876,0.97,0.939,0,0.99,0.397,0
1159,0.762,0.97,0.939,0,0.99,0.397,0
1160,0.762,0.97,0.939,0,0.99,0.397,0
1161,0.762,0.97,0.939,0,0.99,0.397,0
1162,0.762,0.97,0.939,0,0.992,0.397,0
1163,0.85,0.97,0.939,0,0.992,0.397,0
1164,0.875,0.97,0.939,0.774,0.992,0.397,0
1165,0.876,0.97,0.939,0.777,0.992,0.397,0
1166,0.762,0.97,0.939,0.76,0.992,0.397,0
1167,0.762,0.97,0.939,0.742,0.992,0.397,0
1168,0.826,0.97,0.939,0.722,0.992,0.397,0
1169,0.826,0.97,0.939,0.701,0.992,0.397,0
1170,0.833,0.97,0.939,0.68,0.992,0.397,0
1171,0.851,0.97,0.939,0.739,0.992,0.397,0
1172,0.874,0.97,0.939,0.713,0.992,0.397,0
1173,0.762,0.97,0.939,0.69,0.992,0.397,0
1174,0.762,0.97,0.939,0.67,0.992,0.397,0
1175,0.762,0.97,0.939,0.652,0.992,0.397,0
1176,0.762,0.97,0.939,0.639,0.992,0.391,0
1177,0.846,0.97,0.939,0.706,0.992,0.391,0
1178,0.871,0.97,0.939,0.687,0.992,0.391,0
1179,0.762,0.97,0.939,0.67,0.992,0.391,0
1180,0.762,0.972,0.939,0.653,0.992,0.391,0
1181,0.828,0.97,0.939,0.673,0.992,0.391,0
1182,0.845,0.97,0.939,0.705,0.992,0.391,0
1183,0.869,0.97,0.939,0.742,0.992,0.391,0
1184,0.762,0.97,0.938,0.777,0.992,0.391,0
1185,0.762,0.972,0.938,0.79,0.992,0.391,0
1186,0.762,0.957,0.938,0.794,0.992,0.391,0
1187,0.762,0.952,0.938,0.8,0.992,0.391,0
1188,0.826,0.952,0.938,0.814,0.992,0.391,0
1189,0.844,0.952,0.938,0.788,0.992,0.391,0
1190,0.869,0.944,0.938,0.824,0.992,0.391,0
1191,0.762,0.923,0.924,0.83,0.991,0.391,0
1192,0.818,0.91,0.924,0.835,0.991,0.391,0
1193,0.828,0.906,0.924,0.851,0.991,0.391,0
1194,0.846,0.909,0.924,0.863,0.991,0.391,0
1195,0.87,0.9,0.911,0.875,0.991,0.391,0
1196,0.762,0.887,0.911,0.878,0.991,0.391,0
1197,0.757,0.888,0.941,0.883,0.988,0.386,0
1198,0.819,0.892,0.941,0.884,0.988,0.386,0
1199,0.828,0.899,0.941,0.895,0.988,0.386,0
1200,0.846,0.849,0.941,0.85,0.988,0.386,0
1201,0.871,0.849,0.941,0.884,0.988,0.386,0
1202,0.756,0.869,0.941,0.91,0.988,0.386,0
1203,0.756,0.871,0.941,0.911,0.988,0.386,0
1204,0.82,0.878,0.941,0.913,0.988,0.386,0
1205,0.828,0.834,0.941,0.919,0.988,0.386,0
1206,0.87,0.839,0.941,0.925,0.988,0.386,0
1207,0.756,0.846,0.941,0.916,0.988,0.386,0
1208,0.756,0.864,0.941,0.909,0.988,0.386,0
1209,0.829,0.834,0.941,0.907,0.988,0.386,0
1210,0.846,0.834,0.941,0.914,0.987,0.386,0
1211,0.87,0.834,0.941,0.91,0.987,0.386,0
1212,0.756,0.845,0.941,0.897,0.987,0.386,0
1213,0.756,0.856,0.941,0.893,0.987,0.386,0
1214,0.756,0.864,0.941,0.898,0.987,0.386,0
1215,0.845,0.834,0.941,0.914,0.987,0.386,0
1216,0.756,0.834,0.941,0.911,0.987,0.386,0
1217,0.756,0.834,0.941,0.903,0.987,0.386,0
1218,0.819,0.834,0.941,0.899,0.987,0.386,0
1219,0.819,0.834,0.941,0.903,0.988,0.38,0
1220,0.843,0.834,0.941,0.922,0.988,0.391,0
1221,0.756,0.8,0.938,0.967,0.988,0.391,0
1222,0.756,0.8,0.938,0.962,0.988,0.391,0
1223,0.756,0.8,0.938,0.956,0.988,0.391,0
1224,0.816,0.8,0.938,0.952,0.988,0.391,0
1225,0.826,0.8,0.938,0.948,0.988,0.391,0
1226,0.844,0.8,0.938,0.945,0.988,0.406,0
1227,0.756,0.766,0.938,0.938,0.988,0.406,0
1228,0.756,0.766,0.938,0.932,0.988,0.406,0
1229,0.756,0.766,0.938,0.933,0.988,0.406,0
1230,0.825,0.766,0.938,0.938,0.988,0.406,0
1231,0.843,0.766,0.938,0.952,0.988,0.406,0
1232,0.756,0.766,0.938,0.957,0.988,0.406,0
1233,0.756,0.766,0.938,0.951,0.988,0.406,0
1234,0.816,0.766,0.938,0.953,0.988,0.406,0
1235,0.825,0.766,0.938,0.951,0.988,0.406,0
1236,0.843,0.766,0.938,0.949,0.988,0.406,0
1237,0.867,0.766,0.938,0.942,0.988,0.406,0
1238,0.756,0.766,0.938,0.927,0.99,0.406,0
1239,0.756,0.73,0.93,0.909,0.99,0.406,0
1240,0.816,0.73,0.93,0.926,0.99,0.406,0
1241,0.825,0.73,0.93,0.935,0.99,0.406,0
1242,0.843,0.73,0.93,0.964,0.99,0.406,0
1243,0.867,0.73,0.93,0.974,0.99,0.406,0
1244,0.754,0.73,0.93,0.98,0.99,0.406,0
1245,0.754,0.7,0.93,0.983,0.99,0.406,0
1246,0.754,0.725,0.926,0.97,0.99,0.406,0
1247,0.825,0.74,0.926,0.97,0.99,0.406,0
1248,0.843,0.761,0.926,0.966,0.99,0.406,0
1249,0.867,0.748,0.926,0.966,0.99,0.406,0
1250,0.754,0.788,0.926,0.966,0.99,0.406,0
1251,0.754,0.865,0.926,0.944,0.99,0.406,0
1252,0.754,0.851,0.926,0.934,0.99,0.406,0
1253,0.754,0.873,0.926,0.916,0.99,0.404,0
1254,0.841,0.873,0.926,0.922,0.99,0.404,0
1255,0.865,0.886,0.926,0.944,0.99,0.404,0
1256,0.754,0.893,0.926,0.848,0.99,0.404,0
1257,0.753,0.889,0.926,0.887,0.99,0.404,0
1258,0.753,0.884,0.926,0.91,0.99,0.404,0
1259,0.753,0.884,0.926,0.923,0.99,0.404,0
1260,0.842,0.887,0.926,0.904,0.99,0.404,0
1261,0.87,0.932,0.926,0.884,0.99,0.404,0
1262,0.755,0.931,0.926,0.822,0.99,0.404,0
1263,0.755,0.931,0.926,0.842,0.99,0.404,0
1264,0.815,0.94,0.926,0.859,0.99,0.404,0
1265,0.823,0.939,0.926,0.849,0.988,0.404,0
1266,0.841,0.937,0.926,0.84,0.988,0.404,0
1267,0.865,0.969,0.926,0.828,0.988,0.404,0
1268,0.755,0.966,0.923,0.81,0.988,0.404,0
1269,0.755,0.962,0.923,0.821,0.988,0.404,0
1270,0.814,0.958,0.923,0.81,0.988,0.404,0
1271,0.822,0.958,0.923,0.803,0.988,0.404,0
1272,0.841,0.956,0.923,0.794,0.988,0.404,0
1273,0.755,0.985,0.923,0.794,0.988,0.404,0
1274,0.755,0.993,0.923,0.777,0.988,0.404,0
1275,0.755,0.987,0.923,0.785,0.988,0.404,0
1276,0.823,0.98,0.923,0.782,0.988,0.404,0
1277,0.822,0.973,0.923,0.781,0.988,0.404,0
1278,0.84,0.965,0.923,0.783,0.988,0.404,0
1279,0.755,0.979,0.923,0.74,0.988,0.404,0
1280,0.755,0.991,0.92,0.769,0.988,0.404,0
1281,0.755,0.987,0.92,0.792,0.988,0.404,0
1282,0.822,0.975,0.92,0.789,0.988,0.404,0
1283,0.841,0.953,0.92,0.79,0.988,0.404,0
1284,0.755,0.944,0.92,0.797,0.988,0.404,0
1285,0.755,0.989,0.89,0.691,0.988,0.404,0
1286,0.751,0.984,0.89,0.72,0.988,0.399,0
1287,0.823,0.975,0.89,0.752,0.988,0.399,0
1288,0.841,0.964,0.89,0.782,0.988,0.399,0
1289,0.865,0.945,0.89,0.805,0.988,0.399,0
1290,0.751,0.938,0.865,0.804,0.988,0.399,0
1291,0.751,0.985,0.865,0.806,0.988,0.399,0
1292,0.815,0.977,0.865,0.81,0.987,0.395,0
1293,0.842,0.961,0.866,0.787,0.987,0.395,0
1294,0.867,0.952,0.866,0.81,0.987,0.395,0
1295,0.751,0.982,0.866,0.805,0.987,0.395,0
1296,0.817,0.972,0.866,0.811,0.987,0.395,0
1297,0.828,0.962,0.883,0.818,0.987,0.395,0
1298,0.847,0.946,0.883,0.801,0.987,0.38,0
1299,0.871,0.937,0.883,0.823,0.987,0.38,0
1300,0.757,0.966,0.883,0.821,0.987,0.38,0
1301,0.757,0.956,0.883,0.823,0.987,0.38,0
1302,0.757,0.946,0.883,0.828,0.987,0.38,0
1303,0.757,0.936,0.883,0.838,0.987,0.376,0
1304,0.827,0.933,0.883,0.832,0.987,0.376,0
1305,0.872,0.915,0.883,0.848,0.987,0.376,0
1306,0.757,0.918,0.883,0.848,0.987,0.376,0
1307,0.757,0.919,0.883,0.857,0.987,0.388,0
1308,0.757,0.925,0.883,0.867,0.986,0.388,0
1309,0.831,0.921,0.883,0.835,0.986,0.388,0
1310,0.85,0.925,0.883,0.879,0.986,0.388,0
1311,0.874,0.896,0.883,0.878,0.986,0.388,0
1312,0.759,0.91,0.883,0.879,0.986,0.388,0
1313,0.759,0.907,0.883,0.884,0.986,0.388,0
1314,0.759,0.912,0.883,0.893,0.986,0.388,0
1315,0.759,0.917,0.94,0.9,0.986,0.388,0
1316,0.874,0.851,0.94,0.9,0.986,0.388,0
1317,0.759,0.86,0.94,0.907,0.986,0.388,0
1318,0.822,0.865,0.94,0.915,0.986,0.388,0
1319,0.831,0.869,0.94,0.924,0.986,0.388,0
1320,0.849,0.876,0.94,0.922,0.986,0.388,0
1321,0.874,0.837,0.94,0.92,0.986,0.388,0
1322,0.76,0.843,0.94,0.921,0.986,0.388,0
1323,0.76,0.85,0.94,0.924,0.986,0.388,0
1324,0.76,0.859,0.94,0.932,0.986,0.388,0
1325,0.76,0.862,0.94,0.935,0.986,0.388,0
1326,0.876,0.819,0.94,0.944,0.986,0.388,0
1327,0.761,0.81,0.94,0.943,0.986,0.388,0
1328,0.761,0.813,0.94,0.94,0.986,0.388,0
1329,0.761,0.832,0.94,0.933,0.986,0.388,0
1330,0.761,0.836,0.94,0.913,0.986,0.388,0
1331,0.761,0.855,0.94,0.935,0.986,0.388,0
1332,0.851,0.88,0.94,0.928,0.986,0,0
1333,0.761,0.831,0.94,0.924,0.986,0,0
1334,0.761,0.856,0.94,0.923,0.986,0,0
1335,0.761,0.846,0.94,0.924,0.986,0,0
1336,0.761,0.852,0.945,0.922,0.986,0.398,0
1337,0.836,0.872,0.945,0.948,0.986,0.398,0
1338,0.855,0.88,0.945,0.936,0.986,0.398,0
1339,0.879,0.842,0.945,0.937,0.986,0.398,0
1340,0.764,0.855,0.945,0.927,0.99,0.398,0
1341,0.764,0.852,0.945,0.923,0.99,0.4,0
1342,0.764,0.854,0.945,0.949,0.99,0.4,0
1343,0.848,0.861,0.951,0.942,0.99,0.4,0
1344,0.867,0.869,0.951,0.935,0.99,0.4,0
1345,0.891,0.843,0.951,0.934,0.99,0.4,0
1346,0.775,0.873,0.951,0.927,0.99,0.4,0
1347,0.775,0.865,0.951,0.922,0.99,0.403,0
1348,0.841,0.863,0.951,0.948,0.99,0.403,0
1349,0.86,0.871,0.951,0.939,0.99,0.403,0
1350,0.885,0.837,0.951,0.928,0.99,0.403,0
1351,0.885,0.839,0.951,0.922,0.99,0.403,0
1352,0.775,0.843,0.951,0.921,0.99,0.403,0
1353,0.775,0.851,0.951,0.921,0.99,0.405,0
1354,0.775,0.862,0.951,0.93,0.99,0.405,0
1355,0.845,0.891,0.956,0.923,0.99,0.405,0
1356,0.863,0.848,0.956,0.924,0.99,0.405,0
1357,0.887,0.855,0.956,0.921,0.99,0.405,0
1358,0.775,0.856,0.956,0.923,0.99,0.405,0
1359,0.775,0.863,0.956,0.927,0.99,0.405,0
1360,0.775,0.881,0.956,0.922,0.99,0.405,0
1361,0.863,0.889,0.956,0.921,0.993,0.405,0
1362,0.887,0.894,0.956,0.917,0.993,0.405,0
1363,0.775,0.86,0.956,0.914,0.993,0.405,0
1364,0.775,0.863,0.956,0.917,0.993,0.405,0
1365,0.775,0.884,0.956,0.912,0.993,0.405,0
1366,0.844,0.884,0.956,0.921,0.993,0.405,0
1367,0.886,0.886,0.956,0.916,0.993,0.405,0
1368,0.775,0.885,0.956,0.913,0.993,0.405,0
1369,0.775,0.879,0.956,0.911,0.993,0.405,0
1370,0.835,0.923,0.956,0.841,0.993,0.405,0
1371,0.845,0.919,0.956,0.853,0.993,0.405,0
1372,0.863,0.918,0.956,0.871,0.993,0.405,0
1373,0.885,0.922,0.956,0.862,0.993,0.405,0
1374,0.773,0.917,0.956,0.859,0.993,0.405,0
1375,0.773,0.913,0.956,0.853,0.993,0.405,0
1376,0.773,0.96,0.956,0.794,0.993,0.405,0
1377,0.845,0.955,0.956,0.822,0.993,0.405,0
1378,0.864,0.95,0.956,0.821,0.993,0.405,0
1379,0.888,0.959,0.956,0.813,0.993,0.405,0
1380,0.773,0.955,0.956,0.808,0.993,0.399,0
1381,0.773,0.947,0.953,0.815,0.993,0.399,0
1382,0.773,0.942,0.953,0.768,0.993,0.399,0
1383,0.861,0.967,0.953,0.799,0.993,0.399,0
1384,0.884,0.946,0.953,0.829,0.993,0.399,0
1385,0.773,0.929,0.953,0.844,0.993,0.397,0
1386,0.773,0.904,0.953,0.854,0.993,0.397,0
1387,0.772,0.945,0.953,0.795,0.993,0.397,0
1388,0.772,0.933,0.953,0.826,0.993,0.401,0
1389,0.844,0.922,0.953,0.855,0.993,0.401,0
1390,0.886,0.878,0.953,0.942,0.993,0.401,0
1391,0.772,0.849,0.953,0.941,0.993,0.401,0

